අකටයුතු,-1
අකටයුතුයි,-1
අකමැති,-1
අකමැතියි,-1
අකමැත්ත,-1
අකමැත්තෙන්,-1
අකරතැබ්බ,-1
අකරතැබ්බය,-1
අකරතැබ්බයක්,-1
අකර්මන්‍ය,-1
අකලංක,1
අකල්,-1
අකාරුණික,-1
අකාර්යක්ෂම,-1
අකාර්යක්ෂමතාවය,-1
අකාලික,1
අකාලේ,-1
අකැප,-1
අකැමැති,-1
අකීකරු,-1
අකුරටම,1
අකුසල,-1
අකුසලයක්,-1
අඛණ්ඩ,1
අඛණ්ඩව,1
අගතියක්,-1
අගනා,1
අගනෙයි,1
අගනේය,1
අගනේයි,1
අගය,1
අගයකරනවා,1
අගයකරන්න,1
අගයකරමි,1
අගයකොට,1
අගයනවා,1
අගයන්නේ,1
අගයමි,1
අගයමු,1
අගරු,-1
අගරුවට,-1
අංගසම්පුර්ණ,1
අංගසම්පූර්ණ,1
අගුණයක්,-1
අගෙයි,1
අගේ,1
අගෞරව,-1
අගෞරවය,-1
අග්‍රගණ්‍යයේ,1
අග්‍රගන්‍ය,1
අචල,1
අජරාමර,1
අජූත,-1
අඥාණ,-1
අඥාන,-1
අඥානවන්ත,-1
අටවා,-1
අඩදබර,-1
අඩනවා,-1
අඩන්නේ,-1
අඩපණ,-1
අඩපන,-1
අඩු,-1
අඩුකම,-1
අඩුකරන්න,-1
අඩුපාඩුකම්,-1
අඩුපාඩුව,-1
අඩුයිනේ,-1
අඩුවුණා,-1
අඩුවෙනවට,-1
අඬපු,-1
අතකොලු,-1
අතපසුවීම,-1
අතරමං,-1
අතරමන්,-1
අතලග,1
අතවරය,-1
අතහිත,1
අතාරින්න,-1
අතිමහත්ය,1
අතිවිශිෂ්ටයි,1
අතිවිශිෂ්ඨයි,1
අතිවිශේෂ,1
අතිශය,1
අතිශෝක්තියෙන්,-1
අතුරුදන්,-1
අතුරුදහන්,-1
අතුල්,-1
අත්තනෝමතික,-1
අත්පොළසන්,1
අත්බුත,-1
අත්භූත,-1
අත්‍යවශ්‍ය,1
අත්‍යවශ්‍යම,1
අත්‍යාවශ්‍ය,1
අත්වැල්,1
අත්වේවා,1
අත්වේවායි,1
අත්හැරීමෙන්,-1
අදක්ෂ,-1
අදර්මිෂ්ට,-1
අදහස,1
අදහසට,1
අදහසය,1
අදාල,1
අදාළ,1
අදික,1
අදිටන්,1
අදින්නේ,-1
අදිවේගී,1
අදිසි,-1
අදීන,-1
අදීනව,-1
අදුරදර්ශී,-1
අදුර්ශමාන,-1
අදූරදර්ශී,-1
අදෘර්ශමාන,-1
අද්භූත,-1
අධමයින්ට,-1
අධර්මිෂ්ට,-1
අධාර්මික,-1
අධිවේගී,1
අධිෂ්ඨාන,1
අධිෂ්ඨානශීලි,1
අධීක්ෂණය,1
අධ්‍යයනයක්,1
අධ්යාත්මික,1
අධ්‍යාත්මිකව,1
අනගි,1
අනගිභවනීයයි,1
අනතුරකින්,-1
අනතුරක්,-1
අනතුරුදායකයි,-1
අනතුරුවලදී,-1
අනපේක්ෂිත,-1
අනර්ග,1
අනර්ගයි,1
අනර්ඝ,1
අනර්ඝයි,1
අනවශ්‍යය,-1
අනාත,-1
අනාථ,-1
අනාථවෙලා,-1
අනිවාර්ය,1
අනිවාර්යෙන්ම,1
අනුකම්පා,1
අනුකම්පාවක්,1
අනුකම්පාවට,1
අනුගත,1
අනුගමනය,1
අනුපමේය,1
අනුමතකළ,1
අනුවණ,-1
අනුවණකමක්,-1
අනුවන,-1
අනුවේදනීය,-1
අනුස්මරණීයයි,1
අනෙ,-1
අ‍නේ,-1
අනේද,-1
අන්තගාමී,-1
අන්තගාමීන්,-1
අන්තනෝමතික,-1
අන්තර්ගත,1
අන්තවාද,-1
අන්තවාදීන්,-1
අන්තවාදීව,-1
අන්තවාදේ,-1
අන්තිමේ,-1
අන්ද,-1
අන්දන,-1
අන්ධ,-1
අඳුරු,-1
අපකීර්තිමත්,-1
අපකීර්තියකට,-1
අපකීර්තියට,-1
අපක්ෂපාත,1
අපක්ෂපාති,1
අපක්ෂපාතී,1
අපගේ,1
අපචාරය,-1
අපමණ,1
අපරාද,-1
අපරාදෙ,-1
අපරාදෙනේ,-1
අපරාදේ,-1
අපරාධ,-1
අපරාධකරුවන්ව,-1
අපරාධකාරයකු,-1
අපරාධකාරයන්ට,-1
අපරාධකාරයෝ,-1
අපරාධය,-1
අපරාධයක්,-1
අපරාධයක්ද,-1
අපරාධයෙන්,-1
අපරික්ෂාකාරී,-1
අපරිමිතයි,1
අපහරණය,-1
අපහස,-1
අපහසු,-1
අපහසුතාව,-1
අපහසුතාවයක්,-1
අපහසුතාවයන්,-1
අපහසුතාවයෙන්,-1
අපහසුය,-1
අපහසුයි,-1
අපහසුවක්,-1
අපහාස,-1
අපැහැදිලි,-1
අපිරිමිත,1
අපිරිසිදු,-1
අපිරිසිදුම,-1
අපුරු,1
අපුරුයි,1
අපූරු,1
අපූරුයි,1
අපූර්ව,1
අපේක්ෂිත,1
අපොයි,-1
අපොහොසත්,-1
අප්පිරියා,-1
අප්රමාදී,1
අප්‍රසන්නකම,-1
අප්‍රසන්නකම,-1
අප්‍රසාදයක්,-1
අප්‍රසිද්ධියේ,-1
අප්සට්,-1
අබරණ,1
අබලන්,-1
අබිරහස්,-1
අබීත,1
අබෞද්ධ,-1
අභරණ,1
අභාග්‍යයයි,-1
අභිනව,1
අභිමාණයක්,1
අභිමානය,1
අභිමානයකි,1
අභිමානයයි,1
අභිමානවත්,1
අභියෝගය,-1
අභීත,1
අභූත,-1
අමතක,-1
අමතකයි,-1
අමතකවීම,-1
අමතකවෙන,-1
අමතකවෙලා,-1
අමතකවේවි,-1
අමතක්,-1
අමනකම,-1
අමනාපයෙන්,-1
අමනුස්සයන්ට,-1
අමනුස්සයෝ,-1
අමනෝඥ,-1
අමරණීය,1
අමරණීයයි,1
අමානුෂීයයි,-1
අමාමහ,1
අමාමහා,1
අමාරු,-1
අමාරුනම්,-1
අමාරුනේ,-1
අමාරුම,-1
අමාරුයි,-1
අමාරුයිනේ,-1
අමාරුවෙන්,-1
අමාරුවෙයි,-1
අමාරුවේ,-1
අමිල,1
අමිලයි,1
අමිහිරි,-1
අමු,-1
අමුතු,-1
අමුලික,-1
අමූලික,-1
අම්මපා,-1
අම්රනියයි,1
අයතා,-1
අයථා,-1
අයහපතක්,-1
අයහපත්,-1
අයිති,1
අයිතිය,1
අයිතිහාසික,1
අයින්,-1
අයුක්ති,-1
අයුතුලෙස,-1
අයුධ,-1
අයෝමය,1
අරක්කු,-1
අරක්ෂා,1
අරගල,-1
අරපරිස්සම,1
අරාජික,-1
අරාජිත,-1
අරියාදු,-1
අරුචි,-1
අරුම,1
අරූට,-1
අර්ත,1
අර්ථ,1
අර්ථය,1
අර්බුදය,-1
අලංකාර,1
අලංකාරයි,1
අලස,-1
අලසකම,-1
අලුගුත්තේරු,-1
අලුතින්,1
අලුතෙන්,1
අලුත්,1
අලේ,-1
අල්ප,-1
අල්පයි,-1
අල්ලාහ්,1
අවංක,1
අවංකත්වය,1
අවංකයි,1
අවංකවම,1
අවතක්සේරුවෙන්,-1
අවතැන්,-1
අවතීර්ණ,1
අවදානය,1
අවදි,1
අවධානම්,-1
අවධානය,1
අවනඩුව,-1
අවනත,1
අවනීතිය,-1
අවනීතියෙන්,-1
අවන්කවම,1
අවබොධ,1
අවබෝද,1
අවබෝධ,1
අවබෝධයක්,1
අවභාවිත,-1
අවභාවිතා,-1
අවලංගු,-1
අවවාදයක්,1
අවශ්‍යතාව,1
අවසන්,-1
අවසාන,-1
අවස්ථානෝචිත,1
අවස්ථාවක්,1
අවස්ථාවන්,1
අවස්ථාවාදීන්,-1
අවහිර,-1
අවහිරතා,-1
අවහිරයක්,-1
අවහිරවන,-1
අවාසනාවන්ත,-1
අවාසනාවයි,-1
අවාසි,-1
අවාසිදායක,-1
අවාසියක්,-1
අවැසි,1
අවිආයුධ,-1
අවිගත්,-1
අවිධිමත්,-1
අවිනිශ්චිත,-1
අවිනිශ්චිතයි,-1
අවියෙන්ම,-1
අවිශ්වාසයක්,-1
අවිශ්වාසයක්,-1
අවිහිංසක,1
අවේනික,1
අව්‍යාජ,1
අශිෂ්ට,-1
අශිෂ්ඨ,-1
අශීලාචාර,-1
අශුචි,-1
අශෝබන,-1
අශෝබනයි,-1
අශෝභනයි,-1
අසත්පුරුෂ,-1
අසත්පුරුෂයෝ,-1
අසත්‍යතාවය,-1
අසත්‍යයයි,-1
අසනීප,-1
අසනීපයි,-1
අසනීපෙන්,-1
අසභ්‍යයි,-1
අසභ්‍යයි,-1
අසමජ්ජාති,-1
අසමත්,-1
අසමසම,1
අසමසමයි,1
අසරණ,-1
අසරණකමට,-1
අසරණද,-1
අසරණයෝ,-1
අසරණවෙලා,-1
අසරන,-1
අසහනකාරී,-1
අසහනයෙන්,-1
අසාත්මික,-1
අසාදාරණයට,-1
අසාදාරණේට,-1
අසාදාරන,-1
අසාදාරනයක්,-1
අසාධාරණ,-1
අසාධාරණය,-1
අසාධාරණයකට,-1
අසාධාරණයට,-1
අසාධාරණේ,-1
අසාධාරනයක්,-1
අසාර්ථක,-1
අසික්කිත,-1
අසිරිමත්,1
අසිරියක්,1
අසීමාන්තික,1
අසීමිත,1
අසීරු,-1
අසීරුය,-1
අසීරුයි,-1
අසු,-1
අසුනොවෙනවා,-1
අසුබ,-1
අසුබවාදීව,-1
අස්,-1
අස්තාවර,-1
අස්ථානගත,-1
අස්ථාවර,-1
අස්ථිර,-1
අස්වාභාවික,-1
අස්වැසිල්ලක්,1
අස්වෙන්නේ,-1
අස්වෙලා,-1
අහංකාර,-1
අහංකාරකම,-1
අහංකාරකමයි,-1
අහඹු,-1
අහංසක,1
අහිංක,1
අහිකුණ්ඨික,-1
අහිකුන්ටක,-1
අහිතකර,-1
අහිතකරයි,-1
අහින්සක,1
අහිමි,-1
අහිමිවන,-1
අහිමිවිය,-1
අහිමිවීමේ,-1
අහිමිවුනා,-1
අහිංසක,1
අහිංසකය,1
අහිංසකයන්ගේ,1
අහිංසකයන්ව,1
අහිංසකයාව,1
අහිංසකයින්ගේ,1
අහිංසකයො,1
අහිංසකව,1
අහිංසාවාදී,1
අහු,-1
අහුවුණේ,-1
අහුවෙන්න,-1
අහුවෙලත්,-1
අහුවෙලා,-1
අහේනිය,-1
අහෝ,-1
අහෝසිවෙන,-1
අළුත්,1
අාගමික,1
අාධාර,1
අාබාධිත,-1
අායුධ,-1
අායෙමත්,-1
අාරක්ෂක,1
අාරක්ෂා,1
අාරම්භ,1
අාවේණික,1
අාවේනික,1
අාසන්න,1
අැත,1
ආකර්ශනීය,1
ආකර්ශනීයයි,1
ආකල්පමය,1
ආගමනුකුලව,1
ආගමානුකූලව,1
ආගමික,1
ආගමීක,1
ආගමේත්,1
ආචාර,1
ආචාරය,1
ආචාරශීලිව,1
ආචාර්ය,1
ආටෝප,-1
ආඩමිබර,1
ආඩම්බර,1
ආඩම්බරකම,1
ආඩම්බරකම,1
ආඩම්බරයි,1
ආඩම්භරයි,1
ආත්මාරක්ෂක,1
ආත්මාර්තකාමි,-1
ආත්මාර්තකාමියෝ,-1
ආත්මාර්තකාමී,-1
ආත්මාර්ථකාමි,-1
ආත්මාර්ථකාමියි,-1
ආත්මාර්ථකාමී,-1
ආත්මාර්ථකාමීකම,-1
ආදරණීය,1
ආදරනීය,1
ආදරය,1
ආදරයක්,1
ආදරෙයි,1
ආදර්ශමත්,1
ආදර්ශයකි,1
ආදර්ශයක්,1
ආදර්ශයක්ම,1
ආදර්ශයට,1
ආදර්ශවත්,1
ආනන්තරීය,-1
ආනිසංශ,1
ආන්දෝලනාත්මක,-1
ආපදාවන්,-1
ආපොයි,-1
ආබාධිත,-1
ආභාධිත,-1
ආයිමත්,1
ආයු,1
ආයුබෝ,1
ආයුෂ,1
ආයුස,1
ආරක්ශා,1
ආරක්ෂා,1
ආරක්ෂාව,1
ආරක්ෂිත,1
ආරක්ෂිතම,1
ආරංචියක්,1
ආරංචියි,1
ආරම්බ,1
ආරම්බයක්,1
ආරම්භ,1
ආරාධනා,1
ආරාධිත,1
ආරෑඩ,-1
ආරුඩ,-1
ආර්ය,1
ආලෝක,1
ආලෝකමත්,1
ආවනම්,1
ආවරණය,1
ආවේගය,-1
ආවේගශීලි,-1
ආවේගශීලී,-1
ආවේණික,1
ආවේනික,1
ආශාවෙන්,1
ආශාවේ,1
ආශිර්වාද,1
ආශිර්වාදය,1
ආශිර්වාදයක්,1
ආශීර්වාද,1
ආශ්චර්ය,1
ආශ්චර්යමත්,1
ආශ්චර්යය,1
ආශ්වාදජනකයි,1
ආස,1
ආසන්න,1
ආසයි,1
ආසා,1
ආසාධාරණයක්,-1
ආසාවල්,1
ආසාවෙන්,1
ආස්චර්ය,1
ආස්චර්යක්,1
ඇතත්,-1
ඇති,1
ඇතියැයි,1
ඇතිවන,1
ඇතිවේවා,1
ඇතුළත්,1
ඇත්තකි,1
ඇත්තට,1
ඇත්නම්,1
ඇදගත්,-1
ඇද්ද,-1
ඇන්න,-1
ඇපත්,-1
ඇමතිතුමනි,1
ඇඹුල්,-1
ඇරඹීම,1
ඇල්මක්,1
ඇවැසි,1
ඇවිස්සෙන්න,-1
ඇස්වහ,-1
ඇහුම්කන්,1
ඈත,-1
ඉක්මණටම,1
ඉක්මණින්,1
ඉක්මනට,1
ඉක්මනටම,1
ඉක්මනින්,1
ඉක්මනින්ම,1
ඉක්මන්,1
ඉගන,1
ඉගෙන,1
ඉගෙනගත්තම,1
ඉගෙනගන්න,1
ඉටු,1
ඉටුවෙන්නේ,1
ඉඩදෙන්නේ,1
ඉතිරි,1
ඉතිරියක්,1
ඉතිහාසගත,1
ඉදිරි,1
ඉදිරිපත්,1
ඉදිරිපත්කළ,1
ඉදිරියටම,1
ඉදීවි,1
ඉන්ජිනේරුතුමනි,1
ඉන්මනින්,1
ඉඳීවි,1
ඉපදේවා,1
ඉපැදේවා,1
ඉබි,-1
ඉමහත්,1
ඉමිහිරි,1
ඉරිසියයි,-1
ඉරිසියාකාර,-1
ඉරිසියාකාරයෝ,-1
ඉරිසියාව,-1
ඉරිසියාවක්,-1
ඉරිසියාවයි,-1
ඉරිසියාවෙන්,-1
ඉල්ලගන්න,1
ඉල්ලා,1
ඉල්ලුමක්,1
ඉල්ලුම්,1
ඉවත්,-1
ඉවර,-1
ඉවරකරාට,-1
ඉවරයක්,-1
ඉවරවෙලා,-1
ඉවසන්න,1
ඉවසිලිමත්ව,1
ඉවසිලිවන්ත,1
ඉවසීම,1
ඉවහල්,1
ඉසිවරයාණනි,1
ඉසිවරයාණෙනි,1
ඉසිවරු,1
ඉස්ට,1
ඉස්පිරිතාලේ,-1
ඉස්මතු,1
ඉස්සරලම,1
ඉස්සරහටත්,1
ඉස්සෙලම,1
ඉහලින්,1
ඉහවහ,1
ඊරිසියාව,-1
ඊර්ෂ්‍යයා,-1
ඊර්ෂ්‍යාකාරී,-1
ඊර්ෂ්‍යාව,-1
ඊර්ෂ්‍යාවක්,-1
ඊර්ෂ්‍යාවෙන්,-1
ඊළම,-1
උකුසු,-1
උගත,1
උගත්කමට,1
උගත්කමේ,1
උගත්කම්,1
උගන්නන,1
උගන්වන්න,1
උචිත,1
උජාරුවට,1
උඩඟුකම,-1
උණ,-1
උණුසුම්,1
උතුමා,1
උතුමෙක්,1
උතුම්,1
උතුම්ද,1
උතුම්ම,1
උතුම්ය,1
උත්කර්ෂවත්,1
උත්තම,1
උත්තමචාරය,1
උත්තමයන්,1
උත්තමයෝ,1
උත්තමාචාරය,1
උත්තරීතර,1
උත්තුංග,1
උත්සන්න,-1
උත්සවයේ,1
උත්සහයට,1
උත්සහවන්ත,1
උත්සාහයක්,1
උත්සාහවන්ත,1
උත්සුක,1
උදර,1
උදව්,1
උදව්වක්,1
උදාර,1
උදාහරණයක්,1
උදුමවාගෙන,-1
උදෙසා,1
උද්ගොසන,-1
උද්ගෝශණ,-1
උද්ගෝෂණ,-1
උද්ඝොෂණ,-1
උද්ඝෝශන,-1
උද්ඝෝෂණ,-1
උද්ඝෝෂනය,-1
උද්ඝෝසන,-1
උද්දච්ච,-1
උද්දච්චකම,-1
උනන්දු,1
උනාවත්ද,-1
උනුසුම,1
උන්,-1
උන්වහන්සේ,1
උන්වහන්සේට,1
උපකාර,1
උපකාරක,1
උපකාරය,1
උපතක්,1
උපදින්නට,1
උපදීවා,1
උපදෙස්,1
උපදේශක,1
උපන්,1
උපන්දිනක්,1
උපරිම,1
උපරිමයෙන්,1
උපවාස,-1
උපහාර,1
උපහාරය,1
උපහාරයක්,1
උපාධි,1
උපාධිය,1
උප්පරවැට්ටි,-1
උමතු,-1
උම්බෑ,-1
උර,1
උරැමය,1
උරුම,1
උරුමය,1
උරුමයන්,1
උරුමයයි,1
උරුමේ,1
උල,-1
උල්ලංඝණය,-1
උවමනා,1
උසස්,1
උසස්ය,1
උසාවි,-1
උසාවියක්,-1
උසුලන්නේ,-1
උස්,1
උෟ,-1
ඌණ,-1
ඌන,-1
ඍජු,1
ඍජුව,1
ඍණාත්මකව,-1
එකගතාවය,1
එකගතාවයකට,1
එකගයි,1
එකගවෙනවා,1
එකඟයි,1
එකඟවෙන්න,1
එකඟවෙමි,1
එකට,1
එකතු,1
එකතුවකි,1
එකතුවෙලා,1
එකම,1
එකමුතු,1
එකමුතුකමක,1
එකමුතුවෙන්,1
එකලෙස,1
එකවර,1
එකහෙළා,-1
එකාම,1
එකෙන්හිම,1
එක්කාසු,1
එක්රැස්,1
එක්වර,1
එක්සත්ව,1
එඞිතරව,1
එඩිතර,1
එඩිතරයි,1
එඩිතරව,1
එතුමන්ට,1
එතුමා,1
එතුමාගේ,1
එතෙර,1
එන්නැති,-1
එපා,-1
එපාකරවන්න,-1
එපායැ,-1
එපැයි,-1
එපෝ,-1
එරෙහි,-1
එරෙහිව,-1
එල,1
එලවල,-1
එල්ල,-1
එල්ලන්නම,-1
එල්ලපු,-1
එල්ලලාද,-1
එල්ලා,-1
එල්ලිලා,-1
එල්ලුම්,-1
එවන්න,1
එවැනිම,1
එසැණින්,1
එසැන,1
එහෙමයි,1
එළ,1
එළම,1
එළවලා,-1
එළවළ,-1
එළිකිරීම,1
එළිය,1
ඒකාබද්ධ,1
ඒකරාශී,1
ඒකීය,1
ඒවැනි,1
ඓතිහාසික,1
ඔක්කොගෙම,1
ඔචිචර,-1
ඔච්චර,-1
ඔච්චරම,-1
ඔනි,1
ඔනෙ,1
ඔනේ,1
ඔප,1
ඔබතුමන්ලගේ,1
ඔබතුමන්ලාගේ,1
ඔබතුමා,1
ඔබතුමාගේ,1
ඔබතුමාට,1
ඔබවහන්සේ,1
ඔබවහන්සේට,1
ඔයතරම්,-1
ඔලමොට්ටල,-1
ඔල්මාදේ,-1
ඔල්වරසන්,1
ඔවැනිම,1
ඔවි,1
ඔවු,1
ඔව්,1
ඔහොමද,-1
ඔහොමම,1
ඔහොම්මම,1
ඕන,1
ඕනද,1
ඕනා,1
ඕනැ,1
ඕනෑ,1
ඕනෑනේ,1
ඕනෑවෙලා,1
ඕනි,1
ඕනී,1
ඕනෙ,1
ඕනෙමයි,1
ඕනේ,1
ඕනේ,1
ඕන්නැති,-1
ඕපාදූප,-1
ඖෂධීය,1
කටකාර,-1
කටකාරයි,-1
කටමැත,-1
කටවහ,-1
කටු,-1
කට්ට,-1
කඩනකොට,-1
කඩන්,-1
කඩාකප්පල්,-1
කඩාකප්පල්කාරි,-1
කඩාගෙන,-1
කණ,-1
කණගාටු,-1
කණගාටුදායක,-1
කණගාටුදායකයි,-1
කණගාටුයි,-1
කණගාටුවක්,-1
කණගාටුවෙනවා,-1
කණගාටුවෙන්,-1
කතර,-1
කතෝලික,1
කතෝලිකයන්,1
කදසුරිදු,1
කදිම,1
කනගාටු,-1
කනගාටුදායක,-1
කනගාටුවක්,-1
කඳුලක්,-1
කපටි,-1
කපටිකම්,-1
කපටිම,-1
කපටියෙක්,-1
කපටියෙක්‌,-1
කපන,-1
කපල,-1
කපලා,-1
කපා,-1
කපෝතියි,-1
කප්පන්,-1
කප්පම්කාරයෝ,-1
කප්පාදු,-1
කප්පාදුව,-1
කප්රුකකි,1
කමක්ද,-1
කම්පනය,-1
කම්මැලියි,-1
කයිරාටික,-1
කරකියාගත,-1
කරගත්තොත්,1
කරගනීවි,1
කරගන්න,1
කරගැනීම,1
කරගෙන,1
කරදර,-1
කරදරකාරී,-1
කරදරයකුත්,-1
කරදරයක්,-1
කරදරයි,-1
කරදරෙන්,-1
කරනවනේ,1
කරනවානම්,1
කරනවානේ,1
කරන්නම,1
කරන්නෙමි,1
කරන්නෙමු,1
කරබාගෙන,-1
කරමි,1
කරමු,1
කරල,1
කරුණා,1
කරුණාකර,1
කරුණාව,1
කරුණාවක්,1
කරුණාවන්ත,1
කරුණාවන්තයි,1
කරුණාවේ,1
කරුනාව,1
කරුමය,-1
කරුමයක්ද,-1
කරුමෙකටද,-1
කරුමෙට,-1
කරුමෙටවත්,-1
කර්මඵල,-1
කර්මයකි,-1
කර්මයට,-1
කර්මයෙන්,-1
කර්මයේ,-1
කලකිරීමක්,-1
කලකිරෙන්න,-1
කලබගෑනිය,-1
කලබලකම,-1
කලබලය​,-1
කලබලවෙලා,-1
කලහකාරී,-1
කලහැකියි,1
කලාකරුවණනි,1
කලාත්මකයි,1
කලානම්,1
කලාව,1
කලොත්,1
කල්තබා,1
කල්තියා,1
කල්පනාකාරීව,1
කල්‍යාණ,1
කවදාවත්ම,-1
කවදාහරි,1
කවදාහෝ,1
කසලයෝ,-1
කසිකබල්,-1
කසිප්පු,-1
කසිප්පුවන්ට,-1
කළකිරීමක්,-1
කළකිරෙන්නේ,-1
කළමනාකරණ,1
කළයුතු,1
කළයුතුමයි,1
කළයුතුය,1
කළයුතුයි,1
කළ්‍යාණ,1
කාමයට,-1
කාමාශාව,-1
කාරුණික,1
කාරුනික,1
කාර්ය,1
කාර්යක්ෂම,1
කාර්යක්ෂමතාවයෙන්,1
කාර්යක්ෂමව,1
කාර්යබහුල,-1
කාර්යශූර,1
කාලකණ්ණි,-1
කාලකන්ණි,-1
කාලීන,1
කාලීනව,1
කාලෙකින්,1
කාලොචිත,1
කාලෝචිත,1
කාලෝචිත,1
කාලෝචිත,1
කාලෝචිතයි,1
කැඩුනා,-1
කැඩුනොත්,-1
කැඩුම්,-1
කැඩෙනකම්,-1
කැතම,-1
කැපකිරීම,1
කැපවී,1
කැපවීමෙන්,1
කැපිලා,-1
කැපිලි,-1
කැපුවට,-1
කැපුවේ,-1
කැමති,1
කැමතිත්,1
කැමතියි,1
කැමැති,1
කැමැතිනම්,1
කැමැතියි,1
කැමැත්තකින්,1
කැරලිකාරයන්ට,-1
කැහැ,-1
කැහි,-1
කැළි,-1
කෑ,-1
කෑගහගෙන,-1
කෑගහනවා,-1
කෑදර,-1
කෑදරෙත්,-1
කිට්ටුම,1
කිට්ටුවෙන්,1
කිතු,1
කිඹුල්,-1
කිඹූල්,-1
කියන්නකෝ,1
කියමු,1
කියවන්න,1
කියවා,1
කියාත්මක,1
කියාදී,1
කියෙව්වා,1
කිරිකනවා,1
කිරීමට,1
කිරුළ,1
කිර්තිනාමය,1
කිලිටි,-1
කිවුවට,-1
කිසි,-1
කිසිදා,-1
කිසිවිටකත්,-1
කිසිවිටෙකත්,-1
කිසිසේත්,-1
කි‍්‍රයාත්මක,1
කීකරුයි,1
කීර්ති,1
කීර්තිමත්,1
කීර්තිය,1
කුජිත,-1
කුජීත,-1
කුඩා,-1
කුඩු,-1
කුඩුකාරයෝ,-1
කුණුගොඩවල්,-1
කුණුහරප,-1
කුද,-1
කුනු,-1
කුපාඩි,-1
කුපිත,-1
කුපිතවෙලා,-1
කුමන්ත්‍රණකාරයෝ,-1
කුමරු,1
කුරිරු,-1
කුරුමානම,-1
කුරුවල්,-1
කුලප්පුවෙලා,-1
කුල්මත්,1
කුසල,1
කුසලය,1
කුහක,-1
කුහකකම,-1
කුහකකම්,-1
කුහකත්වය,-1
කුහකද,-1
කුහකම,-1
කුහකයෝ,-1
කුළල්,-1
කූට,-1
කූඨ,-1
කූල්,1
කෘතඥ,1
කෘතහස්ත,1
කෘමිනාශක,-1
කෘර,-1
කෲර,-1
කෙටිලි,-1
කෙනහිලිකම්,-1
කෙනෙහිලිකම්,-1
කෙනෙහෙලි,-1
කෙරුමන්,-1
කෙලින්,1
කෙළසූ,-1
කෙළින්,1
කෙළෙහිගුණ,1
කේන්තියක්,-1
කේන්තියි,-1
කෛරාටික,-1
කෛරාටිකයන්,-1
කෛරාටිකයන්,-1
කොචිචර,-1
කොච්චර,-1
කොච්ච්චර,-1
කොටලා,-1
කොටි,-1
කොඩිවින,-1
කොලිටි,1
කොල්ල,-1
කොල්ලකාපු,-1
කොල්ලකෑම්,-1
කොහෙත්ම,-1
කොහොමවත්ම,-1
කෝටිපති,1
කෝටිපතියන්,1
කෝට්පතියා,1
කෝපයෙන්,-1
කෞතුක,1
කෞශල්‍යය,1
ක්‍රමානුකුල,1
ක්‍රමානුකුලව,1
ක්‍රියාවනම්,1
ඛේදජනක,-1
ඛේදනීය,-1
ඛේදනීයයි,-1
ගජ,1
ගජරාමෙට,1
ගණන්කාරයෝ,-1
ගතයුතුය,1
ගතානුගතික,-1
ගත්තොත්,1
ගද,-1
ගනිමු,1
ගනී,1
ගනීවි,1
ගඳේ,-1
ගම්බාර,1
ගරු,1
ගරුක,1
ගරුකරනවා,1
ගරුකරන්නේ,1
ගරුකිරීමක්,1
ගරුතර,1
ගලවන,-1
ගවේෂණය,1
ගවේෂණාත්මක,1
ගවේෂණීය,1
ගසයි,-1
ගසා,-1
ගසාකන,-1
ගසාකනවා,-1
ගසාකාලා,-1
ගසාකෑම්,-1
ගහද්දි,-1
ගහනවා,-1
ගහන්නේම,-1
ගහපු,-1
ගහමුද,-1
ගහලද,-1
ගහලයි,-1
ගහලා,-1
ගහා,-1
ගාතන,-1
ගැටලුව,-1
ගැටලුවට,-1
ගැටළුකාරී,-1
ගැටුමක්,-1
ගැනත්,1
ගැබුරු,1
ගැඹුරින්,1
ගැඹුරු,1
ගැඹුරෙන්,1
ගැලෙව්වා,-1
ගැසීම,-1
ගැහිලද,-1
ගැහිලි,-1
ගැහුවත්,-1
ගැහුවද,-1
ගැහුවා,-1
ගැහුවාම,-1
ගැළපෙන,1
ගිජු,-1
ගිනිතියාගන්නවා,-1
ගිලන්,-1
ගුටිකනවා,-1
ගුටිකන්න,-1
ගුණ,1
ගුණදම්,1
ගුණදායක,1
ගුණමකු,-1
ගුණමකුවෝ,-1
ගුණයහපත්,1
ගුණයහපත්කම්,1
ගුණයෙන්,1
ගුණාත්මක,1
ගුණාත්මකව,1
ගුරු,1
ගෙන,1
ගෙරි,-1
ගෙවන්නම,1
ගේනවා,1
ගේන්නම,1
ගොඩනගනවා,1
ගොඩනගන්න,1
ගොඩනැගීම,1
ගොඩනැගෙන්නේ,1
ගොතල,-1
ගොන්,-1
ගොන්කම,-1
ගොන්කම්,-1
ගොන්නුන්ට,-1
ගොබිලට,-1
ගොලු,-1
ගොවිමහතෙකි,1
ගොළු,-1
ගෝචර,1
ගෝත්‍රවාදී,-1
ගෝත්රික,-1
ගෝත්‍රික,-1
ගෝත්‍රිකයෝ,-1
ගෝස්තරවාදී,-1
ගෞරව,1
ගෞරවනිය,1
ගෞරවනීයයි,1
ගෞරවය,1
ගෞරවාන්විත,1
ඝණ,1
ඝාතකයෝ,-1
චංචල,-1
චණ්ඩියා,-1
චණ්ඩියෙක්,-1
චන්ඩි,-1
චන්ඩියා,-1
චන්ඩියෙක්,-1
චපල,-1
චමත්කාරයි,1
චරිතවත්,1
චාම්,1
චිරන්ජයතු,1
චිරාත්,1
චීවරධාරීන්,1
චීවරයේ,1
චෝදනාවලට,-1
ජංජාලයයි,-1
ජඩ,-1
ජඩකම්,-1
ජතික,1
ජනතාවනි,1
ජනපතිතුමනි,1
ජනසතු,1
ජනහිතකාමී,1
ජනාධිපතිතුමනි,1
ජන්මභූමි,1
ජය,1
ජයගන්නා,1
ජයගැනීමට,1
ජයග්‍රහණ,1
ජයග්‍රහණයකි,1
ජයග්‍රහනය,1
ජයග්‍රාහකයා,1
ජයබිමට,1
ජයවේවා,1
ජරා,-1
ජව,1
ජවය,1
ජාතිමාමක,1
ජාතිවාදය,-1
ජාතිවාදියා,-1
ජාතිවාදී,-1
ජාතිවාදීන්,-1
ජාත්‍යාලය,1
ජාරාවාස,-1
ජාවාරම්කරුවන්,-1
ජීර්ණ,-1
ජීවකයාණෙනි,1
ජීවත්,1
ජීවමාන,1
ජේෂ්ඨ,1
ජේසු,1
ජෝගි,-1
ඥාන,1
ඥානය,1
ඥානාලෝකයක්,1
ට්කක්,-1
ඩයිනමයිට්,-1
ණයවර,-1
තකතීරු,-1
තක්කඩි,-1
තක්කඩිකම්,-1
තක්සේරු,1
තණ්හාව,-1
තථාගතයන්,1
තද,-1
තදබදයෙන්,-1
තනිකම,-1
තනිකර,-1
තනිවෙලා,-1
තරඟකාරීත්වයක්,1
තරහම,-1
තරහයි,-1
තරහවල්,-1
තරහවෙන්න,-1
තවතවත්,1
තහනම,-1
තහනම්,-1
තහවුරු,1
තාක්ෂණයෙන්,1
තාක්ෂණයේ,1
තාක්ෂනය,1
තාඩන,-1
තාත්වික,1
තාවකාලික,-1
තැති,-1
තැනීම,1
තැන්පත්,1
තැම්පත්,1
තැලෙන,-1
තැලෙනවා,-1
තැලෙන්නේ,-1
තෑගි,1
තෑග්ග,1
තිත්ත,-1
තිබුණනේ,-1
තිබුණානේ,-1
තිබුනොත්,1
තිබෙනවා,1
තිබේ,1
තියමුද,1
තියෙද්දිත්,-1
තිරණය,1
තිරසාර,1
තිරිසන්නු,-1
තිසරණ,1
තීක්ෂණ,1
තීන්දුවක්,1
තීරණය,1
තීරණයට,1
තීරණාත්මක,1
තුච්ච,-1
තුච්ඡ,-1
තුටු,1
තුති,1
තුනුරුව්නගේ,1
තුමනි,1
තුමන්,1
තුමන්ට,1
තුමා,1
තුමාගේ,1
තුමාට,1
තුරන්,-1
තුරන්වී,-1
තුරුම්පු,1
තුරුළු,1
තුවාල,-1
තුවාලයක්,-1
තුවාලලත්,-1
තුවාලවුණු,-1
තෘප්තිමත්,1
තෙමෙනවට,-1
තෙරපි,-1
තෙරුවන්,1
තෙහෙට්ටුයි,-1
තේරැම,1
තේරුම්,1
තේරෙනකොට,1
තොච්චර,-1
තොට,-1
තොන්ඩුව,-1
තොරව,-1
තොරවම,-1
තෝන්තු,-1
තෝරාගන්න,1
ත්‍යාගවන්ත,1
ත්‍රස්තයොත්,-1
ත්‍රස්තවාදින්ට,-1
ත්‍රස්තවාදියෙක්ම,-1
ත්‍රස්තවාදීන්ගෙන්,-1
ථේරවාදී,1
දකින්න,1
දකින්නට,1
දකීවි,1
දක්වමින්,1
දක්ෂ,1
දක්ෂකමක්,1
දක්ෂතාවන්,1
දක්ෂතාවය,1
දක්ෂයෙක්,1
දක්ෂයෝ,1
දගලලා,-1
දඞුවම්,-1
දඟ,-1
දඩබ්බර,-1
දඩුවමත්,-1
දඩුවමම,-1
දඩුවමි,-1
දනකි,1
දන්,1
දන්නැද්ද,-1
දන්නැහැ,-1
දන්වන්න,1
දන්සල්,1
දන්සැල්,1
දබර,-1
දයාදර,1
දයාබර,1
දරදඬු,-1
දරාගන්න,1
දරුණු,-1
දරුණුවෙලා,-1
දරුවනේ,1
දර්ම,1
දර්ශනපති,1
දර්ශනීය,1
දලදා,1
දෂ්ඨ,-1
දසදහස්,1
දස්කම්වලට,1
දහදුක්,-1
දහමක,1
දහමක්,1
දහම්,1
දළදා,1
දාන,1
දානපති,1
දානමය,1
දානය,1
දාන්නකෝ,1
දාමරික,-1
දායක,1
දායකත්වය,1
දායාදය,1
දායාදයකි,1
දාර්ශනික,1
දාහක,-1
දැක,1
දැකගැනීමට,1
දැකීමමත්,1
දැකුම්කලු,1
දැකුම්කළු,1
දැක්කේ,1
දැක්මට,1
දැඩි,-1
දැඩිවෙයි,-1
දැන,1
දැනගතයුතු,1
දැනගත්තේ,1
දැනගනීවි,1
දැනගන්න,1
දැනගැනීම,1
දැනගැනීමට,1
දැනුම,1
දැනුමක්,1
දැනුම්,1
දැනුම්වත්,1
දැනුවත්,1
දැනුවත්වීම,1
දැම්මොත්,1
දැංවත්,1
දැවැන්ත,1
දැවෙන්නේ,-1
දැහැමි,1
දැහැමිවත්,1
දිගාසිරි,1
දිගු,1
දිගුකල්,1
දිග්,1
දිඝාසිරි,1
දිනවනවා,1
දිනීම,1
දිනු,1
දිනුම්,1
දිනේවා,1
දිමිගොටු,-1
දියණු,1
දියත්,1
දියයුතු,1
දියයුතුමයි,1
දියයුතුය,1
දියයුතුයි,1
දියයුත්තේ,1
දියවැඩියා,-1
දියහැකි,1
දියාරු,-1
දියුණු,1
දියුණුද,1
දියුණුම,1
දියුණුයි,1
දියුණුව,1
දියුණුවන,1
දියුණුවෙන,1
දියුණුවෙන්නේ,1
දියුණූ,1
දියුනු,1
දියුනුම,1
දියුනුයිලු,1
දියුනුවට,1
දිරාපත්,-1
දිරිගැන්විය,1
දිරිමත්,1
දිරිය,1
දිරියෙන්,1
දිර්ඝායූෂ,1
දිවි,1
දිවිපිදු,1
දිළිඳු,-1
දිළිඳුකම,-1
දී,1
දීන,-1
දීර්ග,1
දීර්ගයුෂ,1
දීර්ගායුෂ,1
දීර්ගායුස,1
දීර්ඝ,1
දීර්ඝායු,1
දීර්ඝායුෂ,1
දීර්ඝායුස,1
දීල,1
දීලා,1
දුකකි,-1
දුකකුත්,-1
දුකක්,-1
දුකට,-1
දුකත්,-1
දුකහිතෙන,-1
දුකින්,-1
දුක්ඛිත,-1
දුක්බර,-1
දුක්මුසු,-1
දුක්විදිනවා,-1
දුක්විදින්න,-1
දුක්විදින්නේ,-1
දුක්විඳලා,-1
දුක්වෙන,-1
දුක්වෙනවා,-1
දුක්වෙමු,-1
දුගියෙක්,-1
දුගී,-1
දුටුවා,1
දුන්,1
දුන්නනම්,1
දුප්පතාගෙ,-1
දුප්පතුන්ගේ,-1
දුප්පතුන්ව,-1
දුප්පතෙකුට,-1
දුප්පත්,-1
දුප්පත්ම,-1
දුම්කොල,-1
දුරදර්ශි,1
දුරදර්ශී,1
දුරදර්ශීව,1
දුරස්ථ,-1
දුරාචාරයෙන්,-1
දුර්ජන,-1
දුර්ලබ,1
දුර්ලබය,1
දුර්ලබයි,1
දුර්ලභ,1
දුර්වල,-1
දුර්වලයිනේ,-1
දුලබ,1
දුෂ්කර,-1
දුෂ්ට,-1
දුෂ්ඨ,-1
දූරදර්ශිව,1
දූරදර්ශීව,1
දූශිත,-1
දූෂක,-1
දූෂකයන්ට,-1
දූෂකයන්ටත්,-1
දූෂකයෝ,-1
දූෂණය,-1
දූෂණයයි,-1
දූෂන,-1
දූෂනය,-1
දූෂිත,-1
දූෂිතම,-1
දූෂිතයන්,-1
දූෂිතයන්ට,-1
දූෂිතයෝ,-1
දෙගුරු,1
දෙන්න,1
දෙන්නකෝ,1
දෙන්නැති,-1
දෙපලු,-1
දෙපළටම,1
දෙබිඩි,-1
දෙයක්යැ,-1
දෙවි,1
දෙවිදුන්,1
දෙවියන්ගේ,1
දෙවියෝ,1
දෙවිවරුන්ට,1
දෙව්,1
දෙසුම්,1
දේව,1
දේවතා,1
දේවතාවන්,1
දේශද්‍රෝභී,-1
දේශද්‍රෝහියෙක්,-1
දේශද්‍රෝහී,-1
දේශද්‍රෝහීන්,-1
දේශනා,1
දේශනාවකින්,1
දේශපාලු,-1
දේශපාලුවෙක්,-1
දේශපාලුවො,-1
දේශපාලුවොත්,-1
දේශපාලුවෝ,-1
දේශපාලූවන්,-1
දේශපාළුවන්,-1
දේශාභිමානී,1
දේශීය,1
දොඩවමින්,-1
දොස්,-1
දෝෂාභියෝගයට,-1
ද්‍රෝභීන්ගේ,-1
ද්‍රෝහිකමක්,-1
ද්‍රෝහිකම්,-1
ද්‍රෝහියෝ,-1
ද්‍රෝහී,-1
ද්‍රෝහීන්,-1
ද්‍රෝහීන්ට,-1
ද්‍රෝහීවීම,-1
ද්වේශයකින්,-1
ද්වේශසහගත,-1
ද්වේෂ,-1
ධනවත්ම,1
ධනවාදය,-1
ධනාත්මක,1
ධනාත්මකව,1
ධම්ම,1
ධර්ම,1
ධර්මචාරී,1
ධර්මතාවය,1
ධර්මධර,1
ධාර්මික,1
ධෛර්යක්,1
ධෛර්යද,1
ධෛර්යමත්,1
ධෛර්යවන්ත,1
නගමු,1
නගීවි,1
නග්න,-1
නඩුවට,-1
නඩුවලට,-1
නඩුවෙන්,-1
නතර,-1
නන්නත්තාර,-1
නපුන්සක,-1
නපුරක්,-1
නපුරු,-1
නපුරුකම්,-1
නපුරුම,-1
නපුරුම,-1
නපුරුයි,-1
නපුංසක,-1
නමස්කාරය,1
නම්බුකාර,1
නම්බුයි,1
නම්‍යශීලි,1
නම්‍යශීලී,1
නය,-1
නයාට,-1
නයි,-1
නයිත්,-1
නරක,-1
නරකට,-1
නරකත්,-1
නරකද,-1
නරිනාටක,-1
නරිවාදම්,-1
නරුම,-1
නරුමයන්,-1
නරුමයෝ,-1
නව,1
නවතන්න,-1
නවතම,1
නවත්තන්න,-1
නවත්වන්න,-1
නවත්වමු,-1
නවීකරණය,1
නවීණ,1
නවීන,1
නහැ,-1
නාඩගම්,-1
නායකයන්ට,1
නායකයාගේ,1
නායකයාට,1
නායකයින්ගෙන්,1
නායකයෙකි,1
නායකයෙක්,1
නායයාකයාගේ,1
නාස්ති,-1
නාස්තිකරන,-1
නාස්තිකරමින්,-1
නාස්තිකාර,-1
නාස්තිකාරකම්,-1
නාස්තියෙන්,-1
නාහිමියන්ට,1
නැ,-1
නැගිටින,1
නැණවත්,1
නැත,-1
නැතිකමද,-1
නැතිකමවත්,-1
නැතිකරගන්න,-1
නැතිකරනවා,-1
නැතිකිරීම,-1
නැතිද,-1
නැතිබව,-1
නැතිබැරි,-1
නැතිබැරිකම,-1
නැතිබැරිකමට,-1
නැතිලු,-1
නැතිවත්,-1
නැතිවුණු,-1
නැතිවුනාම,-1
නැතිවුනොත්,-1
නැතිවෙන්නේ,-1
නැතිවෙයි,-1
නැතුවම,-1
නැත්තෙ,-1
නැත්තේ,-1
නැනස,1
නැනේ,-1
නැහැ,-1
නැහැ‍,-1
‍නැහැ,-1
නැහැදිච්ච,-1
නැහැදිච්චකම්,-1
නැහැනෙ,-1
නැහැනේ,-1
නැහැමයි,-1
නැහැලු,-1
නැහැල්ලු,-1
නෑ,-1
නෑනෙ,-1
නෑනේ,-1
නිකන්,-1
නිකම්,-1
නික්ම,-1
නික්මිම,-1
නිගරු,-1
නිග්‍රහ,-1
නිතරගයෙන්ම,1
නිතරම,1
නිතැතින්ම,1
නිතිපතා,1
නිතිය,1
නිතියත්,1
නිත්‍යානුකූල,1
නිදහසටත්,1
නිදහසින්,1
නිදහස්,1
නිදහස්‌,1
නිදහස්ද,1
නිදහස්ව,1
නිදාගෙනද,-1
නිදිමත,-1
නිදුකාණනී,1
නිදුක්,1
නිදොස්,1
නිදොස්කොට,1
නින්ද,-1
නින්දා,-1
නින්දාවකි,-1
නින්දිත,-1
නින්දෙද,-1
නින්දේ,-1
නිබඳව,1
නිම,-1
නිමා,-1
නිමාකළ,-1
නිමි,-1
නියත,1
නියතයි,1
නියම,1
නියමම,1
නියමයි,1
නියමයිනේ,1
නියමාකාරයෙන්,1
නියමිත,1
නියමුවාණෙනි,1
නියමෙටම,1
නියාමන,1
නියාමනය,1
නියුක්ති,1
නිරතුරු,1
නිරන්තරයෙන්,1
නිරපරාදේ,-1
නිරර්ථක,-1
නිරවුල්,1
නිරහංකාර,1
නිරායුධ,1
නිරෝගි,1
නිරෝගිමත්,1
නිරෝගී,1
නිරෝගීමත්,1
නිර්දය,-1
නිර්දේශිත,1
නිර්දෝෂිකම,1
නිර්දෝෂිකම,1
නිර්දෝෂී,1
නිර්ධන,-1
නිර්නාමික,-1
නිර්නාමිකව,-1
නිර්පාක්ෂික,1
නිර්බිත,1
නිර්බීත,1
නිර්භයව,1
නිර්භිත,1
නිර්භීත,1
නිර්භීතකම,1
නිර්භීතව,1
නිර්මාණ,1
නිර්මාණත්මක,1
නිර්මාණය,1
නිර්මාණයක්‍‍‍‍,1
නිර්මාණයක්,1
නිර්මාණයන්,1
නිර්මාණශිලි,1
නිර්මාණශීලි,1
නිර්මාණශීලියි,1
නිර්මාණශීලී,1
නිර්මාණශීලීයි,1
නිර්මාණාත්මක,1
නිර්ලජ්ජිත,-1
නිර්වාණ,1
නිල,1
නිවටයන්,-1
නිවන,1
නිවනින්,1
නිවන්,1
නිවන්සුව,1
නිවරදි,1
නිවරදිව,1
නිවාගන්න,1
නිවැරදි,1
නිවැරදියි,1
නිවැරදිව,1
නිවැරැදි,1
නිවැරැදී,1
නිවී,-1
නිශ්චල,1
නිශ්චිත,1
නිශ්ශබ්ද,1
නිෂ්ඵල,-1
නිසි,1
නිසිපරිදි,1
නිසියාකාරව,1
නිස්කලංක,1
නිස්කාරනේ,-1
නිහඩ,-1
නිහඬ,-1
නිහතමානි,1
නිහතමානිකම,1
නිහතමානිකම,1
නිහතමානිකමම,1
නිහතමානියි,1
නිහතමානී,1
නිහතමානීකම,1
නිහතමානීකමෙන්,1
නිහතමානීද,1
නිහතමානීව,1
නිහීන,-1
නිළ,1
නීච,-1
නීතිගරුකයි,1
නීතිමය,1
නීතියෙන්,1
නීතිවලට,1
නීතිවිරෝදී,-1
නීත්යනුකූල,1
නීත්‍යානුකූල,1
නීරෝගි,1
නීරෝගී,1
නුගත්,-1
නුගත්කම,-1
නුතන,1
නුදුරු,1
නුපුරුදු,-1
නුවණ,1
නුවණක්කාර,1
නුවණක්කාරයෝ,1
නුවණැති,1
නුවනක්කාරී,1
නුසුදුසු,-1
නුසුදුස්සෝ,-1
නුහුරු,-1
නුහුලන,-1
නූගත්,-1
නූගත්කම,-1
නූතන,1
නෙත්කළු,1
නෙමෙයිනම්,-1
නෙරපිය,-1
නෙවයි,-1
නෙවෙයිද,-1
නෙවෙයිලු,-1
නෙහැ,-1
නෙහෙ,-1
නෛතික,1
නොඅඩුව,1
නොකඩවා,1
නොකරන,-1
නොකරන්නෙමු,-1
නොකරපු,-1
නොකලා,-1
නොකළ,-1
නොකළත්,-1
නොකළයුතු,-1
නොකිය,-1
නොකියා,-1
නොගැඹුරු,-1
නොගැලපෙන,-1
නොගැළපෙන,-1
නොගියොත්නේ,-1
නොගෙවන,-1
නොතකන්නේ,-1
නොතිබීම,-1
නොතිබුණු,-1
නොතිර,-1
නොතේරුන,-1
නොතේරුම්,-1
නොතේරෙන,-1
නොදන්නවැයි,-1
නොදන්නාකම,-1
නොදමා,-1
නොදරුවෝ,-1
නොදැකපු,-1
නොදැන,-1
නොදැනගෙනම,-1
නොදැම්මොත්,-1
නොදියුණු,-1
නොදියුනු,-1
නොදිරයි,1
නොදීම,-1
නොපමාව,1
නොපසුබට,1
නොපැකිළව,1
නොපිරිහෙලා,1
නොපෙනී,-1
නොපෙනේ,-1
නොබියව,1
නොමග,-1
නොමද,1
නොමනා,-1
නොමැත,-1
නොමැති,-1
නොමැතිකම,-1
නොමැතිව,-1
නොමැරී,1
නොමිලේ,1
නොමේරු,-1
නොමේරූ,-1
නොයන,-1
නොයමින්,-1
නොලබපු,-1
නොවටින,-1
නොවරදවාම,1
නොවැදගත්,-1
නොසන්ඩාල,-1
නොසැලකිලිමත්,-1
නොසැලිකිලිමත්,-1
නොසැළකිලිමත්,-1
නොසැළකිලිමත්කම,-1
නොසැළී,1
නොසුදුසු,-1
නොහැක,-1
නොහැකි,-1
නොහැකිය,-1
නොහැකියි,-1
නොහැකිවීම,-1
නොහැක්කේ,-1
නොහික්මුණු,-1
නොහිතුවොත්,-1
නොහොද,-1
නෝන්ඩි,-1
පංකාදු,1
පංකාදුයි,1
පක්ෂපාති,1
පක්ෂපාතී,1
පක්ෂපාතීව,1
පක්ෂයි,1
පගාවට,-1
පටන්,1
පටලවපු,-1
පටලැවිලි,-1
පටලැවිල්ල,-1
පටලැවිල්ලක්,-1
පටවන,-1
පටවන්න,-1
පටහැනි,-1
පටු,-1
පට්ටපල්,-1
පණ,1
පණපිටින්,1
පණිවිඩය,1
පණු,-1
පණ්ඩිතකම්,-1
පණ්ඩිතයන්ගෙන්,-1
පණ්ඩිතයි,-1
පණ්ඩිතයෝ,-1
පඬිවරයෙක්,1
පතනවා,1
පතන්න,1
පතන්නම්,1
පතන්නෙමි,1
පතන්නෙමු,1
පතමි,1
පතමු,1
පතල,1
පතාක,1
පත්තිනි,1
පනින,-1
පනීවි,-1
පන්ඩිත,-1
පන්න,-1
පන්නරය,1
පරක්කු,-1
පරක්කුයි,-1
පරක්කුවෙලා,-1
පරගැති,-1
පරණ,-1
පරන,-1
පරපුරෙන්,1
පරම,1
පරමාදර්ශය,1
පරමාදර්ශී,1
පරමාර්ථය,1
පරම්පරාවට,1
පරසිදු,1
පරාජිත,-1
පරාද,-1
පරාර්ථකාමී,1
පරිණත,1
පරිත්‍යාගයන්,1
පරිත්‍යාගශීලී,1
පරිපාලන,1
පරිපුර්ණ,1
පරිපූර්ණ,1
පරිභව,-1
පරිවාස,-1
පරිසමාප්ත,-1
පරිස්සමින්,1
පරිස්සමෙන්,1
පරිස්සම්,1
පරිහානියේ,-1
පරීක්ෂාකාරී,1
පර්යේෂණාත්මක,1
පල,1
පලකර,1
පලකරන්න,1
පලදායි,1
පලදේ,-1
පලවෙනි,1
පලිගැනීම,-1
පලිගැනීම්,-1
පලියට,-1
පල්,-1
පල්වෙන,-1
පල්වෙනවා,-1
පවතිනු,1
පවත්වා,1
පවි,-1
පවුකාර,-1
පව්,-1
පව්කාර,-1
පව්කාරයා,-1
පව්කාරයොත්,-1
පව්කාරයෝ,-1
පසක්,1
පසුගාමී,-1
පසුතැවිලි,-1
පසුතැවෙන්න,-1
පසුබට,-1
පහත්,-1
පහල,-1
පහලටම,-1
පහලවූ,1
පහසු,1
පහසුකම්,1
පහසුකම්ද,1
පහසුද,1
පහසුම,1
පහසුයි,1
පහසුවෙන්,1
පහළ,-1
පහළවේවා,1
පහැදිලි,1
පළකර,1
පළකරන්න,1
පළපුරුදු,1
පළමු,1
පළවැනි,1
පළවෙනි,1
පළි,-1
පළිගැනීම,-1
පළිගැනීමයි,-1
පාක්ෂික,1
පාටි,1
පාඩමක්,1
පාඩුවකි,-1
පාඩුවක්ද,-1
පාතාල,-1
පාතාලයක්,-1
පාතාලයා,-1
පාතාලයෝ,-1
පාදක,1
පාදඩ,-1
පාප,-1
පාපකර්ම,1
පාපතරයන්ට,-1
පාපතරයෝ,-1
පාපිෂ්ට,-1
පාප්,1
පාප්තුමාට,1
පාරමී,1
පාරම්පරික,1
පාරාදීසයක්,1
පාරිශුද්ධ,1
පාලුවෙන්,-1
පාවාදෙන්න,-1
පාවාදෙන්නෝ,-1
පාස්කරලා,1
පාස්වෙලා,1
පාළු,-1
පාළුව,-1
පැකිලීමක්,-1
පැටළෙන්න,-1
පැතුමයි,1
පැතුම්,1
පැතූ,1
පැනපු,-1
පැමිණිළි,-1
පැමිනිය,1
පැරණි,-1
පැරදවිය,-1
පැරදි,-1
පැරදුනාම,-1
පැරැණි,-1
පැලැස්තර,-1
පැල්පත්,-1
පැසසිය,1
පැසසීමට,1
පැහැදිලි,1
පැහැදිලිව,1
පැහැදිළි,1
පැහැරගැනීම්,-1
පෑදුවට,1
පිං,1
පිංකම,1
පිංකමකි,1
පිංකමක්,1
පිංකමට,1
පිච්චෙනවා,-1
පිටමං,-1
පිටස්තර,-1
පිටින්ම,-1
පිටිවහලක්,1
පිටිසර,-1
පිටුවහලක්,1
පිටුවහල්,-1
පිණිස,1
පිදු,1
පිනකි,1
පිනක්,1
පිනට,1
පින්,1
පින්අතේ,1
පින්කම,1
පින්කමකට,1
පින්කමකි,1
පින්කමක්,1
පින්කමට,1
පින්කමින්,1
පින්කමේ,1
පින්කම්,1
පින්කෙත,1
පින්බර,1
පින්වතුන්ට,1
පින්වත්,1
පින්වන්තද,1
පින්සිදු,1
පින්සිද්ධ,1
පිපි,1
පියකරු,1
පියතුමනි,1
පියවර,1
පියවරක්,1
පියාණෙනි,1
පිරිපුන්,1
පිරිසිදු,1
පිරිසිදුයි,1
පිරිසිදුව,1
පිරිසිඳු,1
පිරිහීමට,-1
පිරිහීමටත්,-1
පිරිහීයාම,-1
පිරිහෙමින්,-1
පිලි,1
පිලිකුල්,-1
පිලිගනිමි,1
පිලිගන්නවා,1
පිලිගන්නා,1
පිලිබදව,1
පිලිබඳ,1
පිලියමක්,1
පිලිලයක්,-1
පිංවන්ත,1
පිංවන්තයෝ,1
පිවිතුරු,1
පිවිසෙන්න,1
පිංසිද්ධ,1
පිස්සු,-1
පිස්සුද,-1
පිස්සුවක්,-1
පිස්සුවට,-1
පිහි,-1
පිහිට,1
පිහිටයි,1
පිළිඅරගෙන,1
පිළිකා,-1
පිළිකුලක්,-1
පිළිකුල්,-1
පිළිකුල්සහගත,-1
පිළිගත,1
පිළිගතහැකි,1
පිළිගනීවි,1
පිළිගන්නා,1
පිළිතුරු,1
පිළිබද,1
පිළිබදව,1
පිළිබදවත්,1
පිළිබිඹු,1
පිළියෙල,1
පිළිසකර,1
පිළිසරණ,1
පීඩා,-1
පීඩාකාරී,-1
පීඩිත,-1
පුච්චගෙන,-1
පුජක,1
පුජනීය,1
පුණ්‍ය,1
පුණ්‍යකර්මය,1
පුණ්‍යකර්මයක්,1
පුණ්‍යකර්මයට,1
පුදා,1
පුදුම,1
පුදුමසහගතයි,1
පුදුමාකාරයි,1
පුදුමේ,1
පුද්ගලීකරණය,-1
පුනරුත්ථාපනය,1
පුන්‍ය,1
පුඵවන්,1
පුබුදු,1
පුරන්,-1
පුරසාරම්,-1
පුරාජේරුව,-1
පුරාජේරුවට,-1
පුරාණ,1
පුරානයේ,1
පුර්ණ,1
පුර්වාදර්ශ,1
පුර්වාදර්ශයක්,1
පුලුවනි,1
පුලුවන්,1
පුලුවන්ද,1
පුලුවන්නේ,1
පුස්,-1
පුහුණු,1
පුළුල්,1
පුළුවං,1
පුළුවනි,1
පුළුවන්,1
පුළුවන්තරම්,1
පුළුවන්නම්,1
පුළුවන්නේ,1
පුළුවන්වෙයි,1
පූජණීය,1
පූජනීය,1
පූජාවක්,1
පූර්ණ,1
පූර්ව,1
පූර්වාදර්ශ,1
පූර්වාදර්ශයක්,1
පෙත්සමට,-1
පෙනීගියා,1
පෙන්නුවත්,-1
පෙන්වන්න,1
පෙන්වා,1
පෙම්බර,1
පෙරගමන්,1
පෙරටු,1
පෙරදැරි,1
පෙරමඟ,1
පෙරේතයි,-1
පෙරේතයෝ,-1
පෙලෙද්දී,-1
පොඩි,-1
පොරකන,-1
පොරකන්න,-1
පොරව,-1
පොලිසි,-1
පොලිස්ට,-1
පොහොසත්,1
පොහොසත්ම,1
පෝරකේට,-1
පෝෂක,1
පෝෂණ,1
පෝෂණය,1
පෝෂිත,1
පෝසත්,1
පෞඪ,1
පෞද්ගලිකරණය,-1
පෞද්ගලීකරණය,-1
පෞරාණික,1
පෞරානික,1
පෞරුෂ,1
පෞරුෂත්වයක්,1
පෞරුෂත්වයක්,1
පෞරුෂයක්,1
පෞරුෂයක්,1
පෞරුෂයෙන්,1
ප්‍රතිඋපකාරයක්,1
ප්‍රතිකාරයක්,1
ප්‍රතිපත්තගරුකව,1
ප්‍රතිපත්තිගරුක,1
ප්‍රතිපලය,1
ප්‍රතිභාපූර්ණ,1
ප්රතිශක්තිකරණ,1
ප්‍රතිසංස්කරණය,1
ප්‍රබලම,1
ප්‍රබෝදයක්,1
ප්රභල,1
ප්‍රභාකරන්ට,-1
ප්‍රමාදය,-1
ප්‍රමිතිකරනය,1
ප්‍රමිතියට,1
ප්‍රමුඛතාවය,1
ප්‍රයෝජනවත්,1
ප්‍රවණතාවක්,1
ප්‍රවනතාවයක්,1
ප්‍රශංශනීයයි,1
ප්‍රශංසනීය,1
ප්‍රශංසනීයයි,1
ප්‍රශංසා,1
ප්‍රසන්සනීයයි,1
ප‍්‍රසංශණීය,1
ප්‍රසංශනීයයි,1
ප්‍රසංසනීයයි,1
ප්‍රසංසා,1
ප්‍රායෝගිකයි,1
ප්‍රාර්තනාව,1
ප්‍රියංකර,1
ප්‍රියජනක,1
ප්‍රියමනාප,1
ප්‍රේමයේත්,1
ප්‍රෞඩ,1
ප්‍රෞඩත්වය,1
ඵපා,-1
ඵල,1
ඵලදායක,1
ඵලදායී,1
ඵෙතිහාසික,1
බකන්නිලාගෙන,-1
බංකලොත්,-1
බංකොළොත්,-1
බංගත්වය,-1
බඩගින්නට,-1
බඩගින්නෙ,-1
බඩගෝස්තර,-1
බඩගෝස්තරවාදී,-1
බඩජාරි,-1
බණින්නේ,-1
බනින,-1
බනිනවා,-1
බනින්න,-1
බනින්නේ,-1
බනියි,-1
බනීවි,-1
බන්ධනාගාරගත,-1
බම්බුවකටම,-1
බම්බුවටද,-1
බය,-1
බයකරලා,-1
බයකුත්,-1
බයක්,-1
බයද,-1
බයනැති,1
බයයි,-1
බයයිනේ,-1
බයවෙනවද,-1
බයවෙන්නේ,-1
බයවෙලාද,-1
බයිබල්,1
බයෙන්,-1
බරපතල,-1
බරපතලකම,-1
බරපතළ,-1
බලගතුම,1
බලදාරී,1
බලධාරියෝ,1
බලධාරීන්ගේ,1
බලනවා,1
බලපවත්වන,1
බලපාන්නෙත්,-1
බලපුවාම,-1
බලපුළුවන්කාර,-1
බලපොරොත්තු,1
බලමු,1
බලයට,1
බලයෙන්,1
බලලා,1
බලලෝභී,-1
බලවතා,1
බලවත්,1
බලවත්තු,1
බලහත්,-1
බලා,1
බලාගනීවි,1
බලාගන්න,1
බලාපොරොතු,1
බලු,-1
බස්සන,-1
බහැ,-1
බහීවි,-1
බහුතර,1
බහුබූත,-1
බහුභූත,-1
බාදක,-1
බාර,1
බාරදෙමු,1
බාල,-1
බාවිතා,1
බැ,-1
බැක්ටීරියා,-1
බැණවැදීමක්,-1
බැති,1
බැන,-1
බැනේ,-1
බැන්නම,-1
බැන්නා,-1
බැන්නෙත්,-1
බැන්නේ,-1
බැරෑරුම්,-1
බැරි,-1
බැරිකම,-1
බැරිතරමට,-1
බැරිතරම්,-1
බැරිද,-1
බැරිලු,-1
බැරිව,-1
බැරිවීම,-1
බැරිවුණ,-1
බැරිවුණානේ,-1
බැරිවුණාම,-1
බැරිවුණු,-1
බැරිවුණේ,-1
බැරිවුන,-1
බැරිවුනා,-1
බැරිවෙන,-1
බැරිවෙනකොට,-1
බැරිවෙනවා,-1
බැරිවෙන්නේ,-1
බැරිවෙයි,-1
බැරිවේවි,-1
බැරී,-1
බැරුව,-1
බැරුවට,-1
බැලුවාම,-1
බැහැ,-1
බැහැනෙ,-1
බැහැනේ,-1
බෑ,-1
බෑනෙ,-1
බෑනේ,-1
බෑරි,-1
බිද,-1
බිදවැටීම,-1
බියකරු,-1
බියක්,-1
බිල්ලක්,-1
බිල්ලෝ,-1
බිහි,1
බිහිරි,-1
බිහිවන්නේ,1
බිහිවිය,1
බිහිවූ,1
බිහිසුණු,-1
බීලා,-1
බුත,-1
බුදු,1
බුදුරජාණන්,1
බුදුසරණයි,1
බුද්දිමත්,1
බුද්ධ,1
බුද්ධිමතුනි,1
බුද්ධිමතුන්ට,1
බුද්ධිමත්,1
බුද්ධිමත්‍,1
බුද්ධිමත්කම,1
බුද්ධිමත්ද,1
බුද්ධිමත්ම,1
බුධිමත්,1
බුම්මගනියි,-1
බුරුවා,-1
බූට්,-1
බූත,-1
බූරුවෝ,-1
බෟද්ධ,1
බෙදා,1
බෙදී,-1
බෙදුම්වාදය,-1
බෙදුම්වාදී,-1
බෙහත්,1
බෙහෙවින්,1
බෙහෙවින්ම,1
බේත,1
බේබදු,-1
බේබදුකම,-1
බේබද්දා,-1
බේබද්දෙක්,-1
බේර,1
බේරල,1
බේරා,1
බේරාගන්න,1
බේරු,1
බේරෙන්න,1
බොදු,1
බොඳ,-1
බොර,-1
බොරු,-1
බොරුකාර,-1
බොරුකාරයා,-1
බොරුද,-1
බොරුනේ,-1
බොරුයි,-1
බොරුව,-1
බොරුවක්,-1
බොරුවක්ද,-1
බොරුවක්නේ,-1
බොරුවක්නේ,-1
බොරුවට,-1
බොරුවයි,-1
බොල්,-1
බොළදයි,-1
බෝධි,1
බෝම්බ,-1
බෝම්බයෙන්,-1
බෝසත්,1
බෝසත්කම,1
බෞද්ද,1
බෞද්ධ,1
බෞද්ධ,1
බෞද්ධයකු,1
බෞද්ධයින්ගේ,1
බෞද්ධයෙක්,1
භක්තියක්,1
භය,-1
භයක්,-1
භයන්කාර,-1
භයානක,-1
භයානකය,-1
භාග්‍යයක්,1
භාර,1
භාරය,1
භික්ෂුව,1
භූමිකම්පාවම,-1
මකර,-1
මංකොල්ලකාරයෝ,-1
මංකොල්ලකෑම්,-1
මගඩි,-1
මගඩියක්,-1
මගමරුවන්ට,-1
මංගල,1
මගෝඩි,-1
මඩ,-1
මඩගහනවා,-1
මඩුවලිග,-1
මතකයේ,1
මතක්,1
මතට,-1
මතු,1
මතේ,-1
මත්,-1
මත්පැන්,-1
මද,-1
මදිවෙලා,-1
මනරම්,1
මනහරයි,1
මනාප,1
මනුසත්කම,1
මනුස්සකමක්,1
මන්ද,-1
මන්දබුද්ධික,-1
මන්දා,-1
මඳ,-1
මමත්වයෙන්,-1
මංමුලා,-1
මර,-1
මරණ,-1
මරණයට,-1
මරණීය,-1
මරද්දී,-1
මරන්න,-1
මරල,-1
මරාදමා,-1
මරිමෝඩ,-1
මරු,-1
මරුකටේ,-1
මරුවෙක්,-1
මර්දනයක්,-1
මර්ධන,-1
මර්ධනය,-1
මල්,1
මල්කඩ,1
මවන්න,1
මහගු,1
මහඟු,1
මහතෙක්,1
මහත්තුරුන්ට,1
මහත්ඵල,1
මහත්මයාගේ,1
මහත්මා,1
මහත්මාණනි,1
මහනාහිමියන්ට,1
මහලොකුවට,-1
මහා,1
මහානිසංස,1
මහිමයට,1
මළ,-1
මළගෙදරට,-1
මළපහ,-1
මළමිනියක්,-1
මාටියා,-1
මාතාවගේ,1
මානුෂික,1
මානුෂිකයි,1
මානුෂීය,1
මානුෂීයයි,1
මානුසික,1
මාපියාව,-1
මාර,-1
මාලිගාවක්,1
මාංශයෙන්,-1
මැජික්,1
මැටි,-1
මැට්ටෝ,-1
මැණික,1
මැත,-1
මැතිතුමණි,1
මැතිතුමනි,1
මැතිඳුනි,1
මැදහත්,1
මැදිහත්,1
මැදිහත්ව,1
මැනවින්,1
මැර,-1
මැරබලය,-1
මැරයින්ට,-1
මැරයො,-1
මැරිලා,-1
මැරීගිය,-1
මැරීගෙන,-1
මැරීමට,-1
මැරුණට,-1
මැරුනම,-1
මැරුවේ,-1
මැරෙද්දී,-1
මැරෙනවා,-1
මැරෙන්නෙ,-1
මෑණියන්ගේ,1
මිතුරු,1
මිත්යාදෘෂ්ටික,-1
මිත්‍යාවන්,-1
මිනිමරුවෝ,-1
මිනිය,-1
මිනිසාණනි,1
මිනිස්කම,1
මිනී,-1
මිනීමරණ,-1
මිනීමරාගෙන,-1
මිනීමරුවෝ,-1
මිනීමැරීම,-1
මිනීමැරුම්,-1
මියගියා,-1
මියැදෙනවද,-1
මියුරු,1
මිලේච්ච,-1
මිලේච්ඡ,-1
මිහිදන්,-1
මිහිරි,1
මිහිරිය,1
මීයෝ,-1
මුකුත්,-1
මුග්ධ,-1
මුඩු,-1
මුදුන්,1
මුනිස්සම්,-1
මුන්ට,-1
මුන්ව,-1
මුර,1
මුලසිටම,1
මුලා,-1
මුලාකරලා,-1
මුලාව,-1
මුලිකම,1
මුලින්ම,1
මුසපත්,-1
මුළා,-1
මුළුමනින්ම,1
මූනිස්සම්,-1
මූලික,1
මෘත,-1
මෘදු,1
මෙතුමාගේ,1
මෙත්,1
මෙත්සිත්,1
මෙලෙසම,1
මෙලෝ,-1
මෙහෙකාර,-1
මෙහෙවර,1
මෙහෙවරක්,1
මේච්චර,-1
මේවගේම,1
මොකට,-1
මොකුත්,-1
මොකුත්ම,-1
මොක්,1
මොක්සුව,1
මොට,-1
මොට්ට,-1
මොනවත්ම,-1
මොර,-1
මොලකාරයෝ,1
මොලෙන්,1
මෝඩ,-1
මෝඩකම,-1
මෝඩකමද,-1
මෝඩකමයි,-1
මෝඩකම්,-1
මෝඩද,-1
මෝඩයට,-1
මෝඩයන්,-1
මෝඩයන්ව,-1
මෝඩයින්ටනම්,-1
මෝඩයෙක්ද,-1
මෝඩයෝ,-1
මෝහයෙන්,-1
ම්ලේච්චයෙක්,-1
ම්ලේච්ඡ,-1
ම්ලේච්ඡයි,-1
ම්ලේච්ඡයෝ,-1
යක්ෂ,-1
යටත්,-1
යටත්කර,-1
යටපත්,-1
යටවෙලා,-1
යටි,-1
යටිකුට්ටු,-1
යටිකූට්ටු,-1
යතාර්ථය,1
යතුය,1
යථා,1
යථාර්තය,1
යථාර්ථය,1
යථාර්ථයක්,1
යන්තමින්,1
යමපාලනයක්,-1
යමපාලනයෙන්,-1
යල්,-1
යවමු,1
යහගුණ,1
යහපතක්ම,1
යහපතට,1
යහපත්,1
යහමග,1
යහමගට,1
යාබද,1
යාවත්කාලීන,1
යාවි,1
යැපෙනවා,-1
යුක්ත,1
යුක්තව,1
යුක්ති,1
යුතයි,1
යුතු,1
යුතුකම,1
යුතුකමක්,1
යුතුකමයි,1
යුතුකමවත්,1
යුතුකම්,1
යුතුබව,1
යුතුම,1
යුතුමය,1
යුතුමයි,1
යුතුය,1
යුතුයි,1
යුතුවන්නේ,1
යුතුවෙනවා,1
යුතුවේ,1
යුතූයි,1
යුත්තකි,1
යුත්තක්,1
යුත්තෙ,1
යුත්තේ,1
යුත්තේ,1
යුද,-1
යුද්ද,-1
යුද්ධයක්,-1
යුද්ධෙ,-1
යුද්ධෙට,-1
යුද්ධේ,-1
යුධ,-1
යෙහෙකි,1
යොජනා,1
යොදා,1
යොමුකරන්න,1
යොමුවේවා,1
යෝග්‍යතා,1
යෝජනා,1
යෝජිත,1
යෝධ,1
රකිත්,1
රකින්න,1
රණවිරු,1
රණ්ඩු,-1
රණ්ඩුව,-1
රත්නදීප,1
රන්ඩු,-1
රන්ඩූ,-1
රමණීය,1
රවටලා,-1
රවට්ටනවා,-1
රවට්ටපු,-1
රවට්ටලා,-1
රස,1
රසබර,1
රසවත්,1
රස්තියාදුකාරයෙක්,-1
රස්සාවක්,1
රහතන්,1
රහසේම,-1
රාබිබ්වට,-1
රැක,1
රැකගත්,1
රැකගනිමු,1
රැකගන්න,1
රැකගමු,1
රැකගැනීම,1
රැකගැනීමේ,1
රැකෙන්නද,-1
රැවටිලි,-1
රැවටීමක්,-1
රැවටුනා,-1
රැවෙටෙන,-1
රැස්,1
රියෙන්,-1
රිසි,1
රුකුලක්,1
රොඩු,-1
රෝග,-1
රෝගයෙන්,-1
රෝගියෙක්නේ,-1
රෝගීන්,-1
රෝපනය,1
රෝහලේමයි,-1
ලං,1
ලකුණු,1
ලගම,1
ලඝු,-1
ලඟම,1
ලජ්ජා,-1
ලජ්ජාවට,-1
ලද,1
ලබත්වා,1
ලබන්න,1
ලබන්නාගේ,1
ලබා,1
ලබාගත්,1
ලබාදුන්නට,1
ලබාදෙන්න,1
ලබේවා,1
ලවාම,1
ලස්සන,1
ලස්සනක්,1
ලස්සනට,1
ලස්සනද,1
ලස්සනම,1
ලස්සනයි,1
ලස්සනේ,1
ලාභයි,1
ලාමක,-1
ලැජ්ජ,-1
ලැජ්ජ‍යි,-1
ලැජ්ජයි,-1
ලැජ්ජා,-1
ලැජ්ජාව,-1
ලැජ්ජාවක්,-1
ලැජ්ජාවේ,-1
ලැජ්ජාසහගතයි,-1
ලැදියි,1
ලැබිලා,1
ලැබීම,1
ලැබුණා,1
ලැබුණොත්,1
ලැබුන,1
ලැබුනොත්,1
ලැබූ,1
ලැබෙන,1
ලැබෙනවා,1
ලැබෙන්න,1
ලැබෙයි,1
ලැබේව,1
ලැබේවා,1
ලැබේවි,1
ලැව්,-1
ලෑජ්ජා,-1
ලියන්න,1
ලියල,1
ලිහිල්,1
ලෙඩ,-1
ලෙඩත්,-1
ලෙඩදුකින්,-1
ලෙඩාගේ,-1
ලෙඩෙත්,-1
ලෙහෙසි,1
ලේසිම,1
ලේසියි,1
ලේසියෙන්,1
ලොකු,1
ලොකුකම,-1
ලොකුම,1
ලොල්,1
ලෝබයි,-1
වංක,-1
වගකාරන්න,1
වගකියන්න,-1
වගකිවයුත්තෝ,-1
වගකීම,1
වගකීමකින්,1
වගකීමක්,1
වගකීමයි,1
වගතුවක්,-1
වගේද,-1
වගේම,1
වංචනික,-1
වංචාකාරයෝ,-1
වංචාකාරී,-1
වංචාවයි,-1
වටහා,1
වටහාගන්න,1
වටින,1
වටිනව,1
වටිනවා,1
වටිනා,1
වටිනාම,1
වටී,1
වටීවි,1
වද,-1
වදගත්,1
වධක,-1
වනචර,-1
වනචරයෙක්ගෙන්,-1
වනචාරි,-1
වනචාරී,-1
වනවිට,1
වනසනවා,-1
වනසන්න,-1
වනසල,-1
වනු,1
වන්දනා,1
වඳ,-1
වඳින්න,1
වමාරයි,-1
වයස්ගත,-1
වයෝවෘද්ධ,-1
වරද,-1
වරදකරුගෙන්,-1
වරදකරුවන්ට,-1
වරදයි,-1
වරදවල්,-1
වරදි,-1
වරදිනකම්,-1
වරදින්නෙත්,-1
වරදින්නේ,-1
වරදියි,-1
වරප්‍රසාදවලට,1
වරම්,1
වරලත්,1
වර්ගවාදී,-1
වර්ධක,1
වර්ධන,1
වර්ධනයත්,1
වලක්වන්න,-1
වලංගු,1
වලියට,-1
වලේ,-1
වවලා,1
වස,-1
වසංගතයෙන්,-1
වසඟ,-1
වසන්,-1
වසවර්තියෝ,-1
වසාදැමීම,-1
වස්තු,1
වස්තුවක්,1
වස්තුවට,1
වහගත්ත,-1
වහගන,-1
වහගන්නවා,-1
වහගෙන,-1
වහන්න,-1
වහන්ස,1
වහන්සේ,1
වහන්සේගේ,1
වහන්සේට,1
වහන්සේත්,1
වහලා,-1
වහලෙක්,-1
වහාම,1
වළක්වන්න,-1
වළක්වා,-1
වාචාල,-1
වාත,-1
වාතයක්,-1
වාරණ,-1
වාර්ගික,-1
වාවගන,-1
වාසනා,1
වාසනාව,1
වාසනාවකි,1
වාසනාවක්,1
වාසනාවන්,1
වාසනාවන්තම,1
වාසනාවන්තයෙක්,1
වාසානා,1
වාසිදායක,1
වාසිදායකයි,1
වාසින්,1
වාසියකට,1
වැජඹේවා,1
වැටහිලා,1
වැටහුණා,1
වැටහෙන,1
වැටහේ,1
වැටිලා,-1
වැටුන,-1
වැටුනත්,-1
වැටුනා,-1
වැටෙනකම්,-1
වැටෙන්නේ,-1
වැඩක,1
වැඩකරනකොට,1
වැඩකරමින්,1
වැඩකාරයෙක්,1
වැඩදායක,1
වැඩදායි,1
වැඩදායී,1
වැඩපිළිවලක්,1
වැඩපිළිවෙලක්,1
වැඩමුළු,1
වැඩවර්ජන,-1
වැඩවර්ජනයක,-1
වැඩවසම්,-1
වැඩි,1
වැඩිදියුණු,1
වැද,1
වැදගත්,1
වැදගත්ම,1
වැදපුදා,1
වැදි,-1
වැන්දඹු,-1
වැඳුම්,1
වැරදි,-1
වැරදිකරුට,-1
වැරදිකරුවන්ට,-1
වැරදිකාරයන්ට,-1
වැරදිකාරයින්,-1
වැරදිකාරයින්ට,-1
වැරදිකාරයො,-1
වැරදිච්ච,-1
වැරදිත්,-1
වැරදිම,-1
වැරදිමයි,-1
වැරදියිනේ,-1
වැරදිවලට,-1
වැරදී,-1
වැරදුනත්,-1
වැරද්දකින්,-1
වැරද්දක්ද,-1
වැරද්දෙ,-1
වැරැදි,-1
වැරැදිකරුවන්ට,-1
වැරැදී,-1
වැරැද්ද,-1
වැරැද්දට,-1
වැලපෙනවා,-1
වැහැරෙන,-1
වැහැව්වට,-1
වැහෙන,-1
වැහෙන්නේ,-1
විකටයෝ,1
විකාර,-1
විකාරයක්,-1
විකාරයක්ද,-1
විකිරණ,-1
විකෘති,-1
විගඩම්,-1
විචක්ෂණ,1
විචාරශීලී,1
විජයග්‍රාහී,1
විජාතික,-1
විඥාන,1
විඩාබර,-1
විදලා,-1
විදවන,-1
විදවනවා,-1
විදවන්නේ,-1
විදිනව,1
විදින්නෙක්,-1
විදින්නේ,-1
විදිමත්,1
විදුහල්පතිතුමා,1
විද්වතුන්,1
විද්වතුන්ගේ,1
විද්වත්,1
විධිමත්,1
විධිමත්ව,1
විධීමත්,1
වින,-1
විනය,1
විනයානුකූලව,1
විනාශ,-1
විනාශකළොත්,-1
විනාශකාරී,-1
විනාශකාරීන්ගේ,-1
විනාශයක්,-1
විනාශයට,-1
විනාශයටයි,-1
විනාශයන්,-1
විනාශයන්ට,-1
විනාශයේ,-1
විනාශවුණා,-1
විනාශවෙන,-1
විනාස,-1
විනාසයට,-1
විනිශ්චය,1
විනිශ්චයකාර,1
විනීත,1
විනෝද,1
විනෝදකාමියි,1
විනෝදකාමී,1
විනෝදයි,1
විනෝදවෙන,1
විනෝදාත්මක,1
වින්නහියට,-1
වින්නැහියක්,-1
වින්නැහියට,-1
වින්නැහියට,-1
විඳගෙන,-1
විඳලා,-1
විඳිනව,1
විඳින්නේ,-1
විපක්ෂ,-1
විපතක,-1
විපතකදී,-1
විපරම්,1
විපාකත්,-1
විප්ලවවාදීන්ට,-1
විප්ලවීය,-1
විමර්ශනය,1
විමසන්න,1
විමසා,1
විමසිලිමත්ව,1
වියපත්,-1
වියයුතුද,-1
වියයුත්ත,1
වියරුව,-1
වියලි,-1
වියළි,-1
වියෝ,-1
වියෝවින්,-1
වියෝවීමට,-1
වියෝවෙන්,-1
විරල,1
විරලය,1
විරසක,-1
විරහිත,-1
විරැද්ධ,-1
විරුද්ද,-1
විරුද්දයි,-1
විරුද්ධ,-1
විරුද්ධයි,-1
විරුද්ධව,-1
විරුද්ධවාදීන්ට,-1
විරුද්ධවාදීන්ට,-1
විරුද්ධවෙන,-1
විරුවෙකි,1
විරෝදතා,-1
විරෝදතාවයන්,-1
විරෝදී,-1
විරෝධ,-1
විරෝධතා,-1
විරෝධයක්,-1
විරෝධාර,1
විරෝධි,-1
විරෝධිව,-1
විරෝධී,-1
විරෝධීයි,-1
විලි,-1
විලිලැජ්ජා,-1
විවර,1
විවාහ,1
විවිධත්වය,1
විවුර්ත,1
විවෘත,1
විවෘර්ත,1
විවේචනයක්,-1
විවේඡනය,-1
විශාරදයෝ,1
විශාල,1
විශාලම,1
විශිශ්ටයි,1
විශිෂ්ට,1
විශිෂ්ටතම,1
විශිෂ්ටයි,1
විශිෂ්ටයී,1
විශිෂ්ඨ,1
විශිෂ්ඨම,1
විශිෂ්ඨයි,1
විශේෂ,1
විශේෂයෙන්,1
විශේෂයෙන්ම,1
විශේෂිත,1
විශ්මය,1
විශ්මයජනක,1
විශ්මිත,1
විශ්ලේෂණ,1
විශ්වාසකරන්න,1
විශ්වාසදායක,1
විශ්වාසයට,1
විෂ,-1
විෂකාරක,-1
විෂබීජ,-1
විෂම,-1
විෂයි,-1
විෂිශ්ඨයි,1
විසදන්නේ,1
විසදුමක්,1
විසන්ධි,-1
විසඳාගත,1
විසඳීමට,1
විසඳුවා,1
විසබීජ,-1
විසරිතවී,-1
විසල්,1
විසිකරන,-1
විසිකරන්න,-1
විසිකිරිම,-1
විසිතුරු,1
විස්තර,1
විස්තරාත්මක,1
විස්මිත,1
විස්වාශ,1
විස්වාසව,1
විහාර,1
විහිලු,1
විහිලුවට,1
විහිළු,1
විහිළුවකින්,1
වීර,1
වීරකම්,1
වීරයන්ගේ,1
වීරයෙකි,1
වීවෘත,1
වුනත්,-1
වෘකයින්ට,-1
වෘක්ෂලතාවන්,1
වෙඩි,-1
වෙඩ්,-1
වෙද,1
වෙදකම,1
වෙදදුරු,1
වෙදමහතෙකු,1
වෙදැදුරන්,1
වෙදැදුරෙක්,1
වෙනතකට,-1
වෙනස්,1
වෙනින්,-1
වෙනුවෙනුත්,1
වෙන්,-1
වෙන්නම්,1
වෙමු,1
වෙර,1
වෙසක්,1
වේගයකින්,1
වේගවත්,1
වේගී,1
වේදනයි,-1
වේදනාකාරී,-1
වේදනාවට,-1
වේදනාවත්,-1
වේදනීය,-1
වේලාසනින්,1
වේවා,1
වේවි,1
වෛරය,-1
වෛරයකින්,-1
වෛරයක්,-1
වෛරයක්,-1
වෛරයෙන්,-1
වෛරී,-1
ව්‍යසනයකදී,-1
ව්‍යාකූල,-1
ශක්තිමත්,1
ශක්තිය,1
ශක්තියක්,1
ශා,1
ශාන්තිනායක,1
ශාන්තිය,1
ශාපයක්,-1
ශාසන,1
ශික්ෂණ,1
ශික්ෂනයක්,1
ශික්ෂා,1
ශිල්පීය,1
ශිෂ්ඨ,1
ශීඝ්‍රයෙන්,1
ශීල,1
ශීලාචාර,1
ශුද්ධ,1
ශුභ,1
ශුභවාදීවද,1
ශුෂ්ක,-1
ශේෂ්ඨයි,1
ශෝක,-1
ශෝකජනක,-1
ශෝක්ද,1
ශෝචනීය,-1
ශෝචනීයයි,-1
ශෝභන,1
ශ්‍රද්ධාවෙන්,1
ශ්‍රේෂ්ට,1
ශ්‍රේෂ්ඨ,1
ශ්‍රේෂ්ඨතම,1
ශ්‍රේෂ්ඨත්වය,1
ෂා,1
ෂෝක්,1
ෂෝක්නේ,1
සක්කර,-1
සක්කිලි,-1
සක්රීය,1
සංගීතය,1
සංඝ,1
සංඝායනාවක්,1
සඟ,1
සංචාරය,1
සජීව,1
සටකපට,-1
සටන්කළ,-1
සටන්කාමී,-1
සතරවරම්,1
සතු,1
සතුට,1
සතුටකි,1
සතුටට,1
සතුටින්,1
සතුටු,1
සතුටුයි,1
සතුටුවන්නෙමු,1
සතුටුවීමට,1
සතුටුවූවා,1
සතුටුවෙනවා,1
සතුටුවෙමු,1
සතුරාටත්,-1
සතුරු,-1
සත්කාරයකි,1
සත්කාරයට,1
සත්ක්‍රියාව,1
සත්ක්‍රියාවට,1
සත්ගුණවත්,1
සත්පුරුෂයෝ,1
සත්‍ය,1
සත්‍යය,1
සත්‍යයය,1
සත්‍යාවබෝධය,1
සදා,1
සදාකාලික,1
සදාචාර,1
සදාචාරයෙන්,1
සදාචාරාත්මක,1
සදාචාරාත්මකයි,1
සදාතනික,1
සදාතනිකයි,1
සදාදර,1
සදාරණත්වය,1
සදාරණය,1
සද්ක්‍රියාව,1
සද්ගුණවත්,1
සද්දන්ත,1
සද්දේ,-1
සනසන්න,1
සනාතන,1
සනාථ,1
සනිටුහන්,1
සනීපයක්,1
සනීපයෙන්,1
සනීපාරක්ෂක,1
සන්තොෂයි,1
සන්තෝශයි,1
සන්තෝෂ,1
සන්තෝෂයි,1
සන්තෝස,1
සන්තෝසම්,1
සන්තෝසයි,1
සන්නද්ධ,-1
සන්සුන්ව,1
සඵල,1
සබුද්ධික,1
සමඟි,1
සමඟියකුත්,1
සමතුලණය,1
සමත්,1
සමත්වී,1
සමත්වෙනවා,1
සමබර,1
සමාචාර,1
සමාදාන,1
සමාන,1
සමානව,1
සමිදු,1
සමිඳු,1
සමීප,1
සමීපයි,1
සමුගෙන,-1
සමෘද්ධිමත්,1
සම්පත,1
සම්පතකි,1
සම්පතක්,1
සම්පතින්,1
සම්පත්,1
සම්පාදනය,1
සම්පුර්ණ,1
සම්බන්ද,1
සම්බුදු,1
සම්මත,1
සම්මතයට,1
සම්මා,1
සම්මාදම්,1
සංයමය,1
සංයමයෙන්,1
සයිටම්විරෝධී,-1
සයුක්ත,1
සංයුක්ත,1
සංරක්ෂණය,1
සංරක්ෂිත,1
සරණයි,1
සරණාගත,-1
සරණාගතයෙක්,-1
සරනයි,1
සරල,1
සරළ,1
සරි,1
සරු,1
සර්ප,-1
සර්ව,1
සර්වප්‍රකාරයෙන්,1
සර්වප්‍රකාරයෙන්ම,1
සලකන,1
සලස්වන්න,1
සලිත,-1
සල්ලිකාර,1
සල්ලිකාරයෝ,1
සංවරයක්,1
සංවරව,1
සංවර්දනයට,1
සංවර්දිත,1
සංවර්ධන,1
සංවර්ධනය,1
සංවර්ධනයට,1
සංවර්ධනයේදී,1
සංවර්ධිත,1
සංවිදායක,1
සංවිධානය,1
සංවිධානාත්මක,1
සවිබල,1
සවිමත්,1
සවිය,1
සවිස්තරාත්මක,1
සවිස්ථරාත්මක,1
සවුත්තුව,-1
සංවේගජනක,-1
සංවේගයක්,-1
සංවේගයට,-1
සංවේදනීය,-1
සංවේදියි,-1
සංවේදී,-1
සංවේදීයි,-1
සශ්‍රීක,1
සංස්කාර,-1
සහගහන,-1
සහජ,1
සහතික,1
සහතිකය,1
සහතිකයක්,1
සහතිකවම,1
සහනදායි,1
සහනදායී,1
සහනයක්,1
සහභාගි,1
සහය,1
සහයත්,1
සහයවෙන,1
සහයෝගය,1
සහයෝගයෙන්,1
සහාය,1
සංහාර,-1
සංහිඳියා,1
සංහිඳියාවෙන්,1
සළකමි,1
සළසන්න,1
සාකච්ඡාවක්,1
සාක්ෂාත්,1
සාංඝික,1
සාඩම්බර,1
සාද,1
සාදන,1
සාදරනත්වයක්,1
සාදා,1
සාදාරණ,1
සාදාරණයි,1
සාදාරනයි,1
සාදාරනීකරණය,-1
සාදාරනීය,1
සාදු,1
සාදූ,1
සාධන,1
සාධාරණ,1
සාධාරණයට,1
සාධාරණීකරණය,1
සාධාරණීකරනය,-1
සාධාරණීය,1
සාධාරනයි,1
සාධු,1
සානුකම්පිතව,1
සාප,-1
සාපරාධී,-1
සාමකාමි,1
සාමකාමී,1
සාමකාමීම,1
සාමදානයේ,1
සාමය,1
සාමයක්,1
සාරදර්ම,1
සාරවත්,1
සාර්තක,1
සාර්ථක,1
සාර්ථකත්වයට,1
සාර්ථකත්වයයි,1
සාර්ථකම,1
සාර්ථකව,1
සාවධානව,1
සාසනික,1
සාහසික,-1
සැකකටයුතු,-1
සැකයට,-1
සැකසහිතයි,-1
සැඩ,-1
සැතපෙනු,1
සැදැහැ,1
සැදැහැවත්,1
සැනසීම,1
සැනසුම්,1
සැපපහසු,1
සැපයටම,1
සැබැ,1
සැබැවින්ම,1
සැබෑ,1
සැබෑම,1
සැමට,1
සැමදා,1
සැමදෙන,1
සැමදෙනා,1
සැමරිය,1
සැමවිට,1
සැරසීම,1
සැලකියයුතු,1
සැලකිලිමත්ව,1
සැලකිල්ලෙන්,1
සැලකූ,1
සැලැස්වීම,1
සැවම,1
සැවොම,1
‍සැහැල්ලුවක්,1
සැහැසි,-1
සැළකියයුතු,1
සැළකීමත්,1
සැළැස්වීම,1
සෑදෙන,1
සෑහෙන්න,1
සිඟන,-1
සිටිමු,1
සිටීවි,1
සිතමු,1
සිතාමතා,-1
සිතීමට,1
සිතුවොත්,1
සිත්ගන්නාසුළුයි,1
සිදුවෙයිද,-1
සිද්ධස්ථාන,1
සිනාමුසු,1
සිප්,1
සිමා,-1
සිම්පල්,1
සිඹිනවා,1
සියදිවි,-1
සියල්ලන්වම,1
සියල්ලෙහිම,1
සියුමැලි,1
සියුමැලියි,1
සිර,-1
සිරකරුවන්,-1
සිරිපා,1
සිරියාවට,1
සිරියාවන්තකම,1
සිරියාවන්තයි,1
සිල්වත්,1
සිව්ර,1
සිසිල්,1
සිහියක්,1
සීමිත,-1
සීල,1
සීලාචාර,1
සුකොපබෝගී,1
සුඛෝපභෝගී,1
සුගතිගාමී,1
සුගතියක,1
සුගතියක්,1
සුදානම්,1
සුදුවට,1
සුදුසු,1
සුදුසුකමයි,1
සුදුසුකම්ලත්,1
සුදුසුම,1
සුදුසුය,1
සුදුස්සන්,1
සුදුස්සාට,1
සුදුස්සෙක්,1
සුදෝ,1
සුද්ධ,1
සුන්දර,1
සුන්දරතාවය,1
සුන්දරත්වය,1
සුන්දරම,1
සුන්දරයි,1
සුන්දරව,1
සුන්නත්,-1
සුපින්වත්,1
සුපිපි,1
සුපිරි,1
සුපිරියි,1
සුපුරුදු,1
සුප්රසිද්ධ,1
සුබ,1
සුබදායක,1
සුබපතනවා,1
සුබපැතුම්,1
සුබම,1
සුබයි,1
සුබවාදී,1
සුබවාදීව,1
සුබසිද්ධිය,1
සුබාසිරි,1
සුභ,1
සුභදායී,1
සුභපතනවා,1
සුභපතමි,1
සුභපතා,1
සුභපැතිය,1
සුභපැතුම්,1
සුභම,1
සුභාවිත,1
සුභාශිංසන,1
සුභාශිංසනය,1
සුභාසිංශන,1
සුමිහිරි,1
සුමුදු,1
සුර,1
සුරකින්න,1
සුරකිමු,1
සුරසැප,1
සුලබ,1
සුලභ,1
සුලිකුනාටුවෙන්,-1
සුලු,1
සුව,1
සුවදයි,1
සුවපත්,1
සුවම,1
සුවය,1
සුවයත්,1
සුවයම,1
සුවිශාල,1
සුවිශේෂ,1
සුවිශේෂී,1
සුසාන,-1
සුහද,1
සූක්ෂම,1
සූදානම්,1
සූදු,-1
සූභ,1
සූර,-1
සූරාකන,-1
සෘජු,1
සෙතක්ම,1
සෙතම,1
සෙනෙහෙ,1
සෙබල,1
සෙමෙන්,-1
සෙවණ,1
සෙවිය,1
සේවය,1
සේවයකි,1
සේවයක්,1
සේවයට,1
සේවයයි,1
සේවාව,1
සොදුරු,1
සොඳුරු,1
සොයා,1
සොයාගනීවිද,-1
සොයාගන්න,1
සොයාගන්නේ,1
සොයාගැනීම්,1
සොයාදෙන්න,1
සොයාබැලීම,1
සොරකමක්,-1
සොරකමට,-1
සොරකම්,-1
සොරි,-1
සෝචනීය,-1
සෝචනීයයි,-1
සෝදා,1
සෝදිසි,1
සෝබන,-1
සෞන්දර්ය,1
සෞභාග්‍යමත්,1
ස්තිර,1
ස්තුති,1
ස්තුතිපූර්වකව,1
ස්තුතිය,1
ස්තුතියි,1
ස්තුත්යි,1
ස්තූති,1
ස්තූතියි,1
ස්ථානගත,1
ස්ථානෝචිත,1
ස්ථාපිත,1
ස්ථාවර,1
ස්ථිර,1
ස්ථීර,1
ස්භාවික,1
ස්මාට්,1
ස්වයංපෝෂිත,1
ස්වර්ණ,1
ස්වර්ණමය,1
ස්වශක්තිය,1
ස්වාමිගේ,1
ස්වාමීනි,1
ස්වේච්චාවෙන්,1
ස්වේච්ඡාවෙන්,1
ස්වෛරීභාවය,1
හකුලාගෙන,-1
හංගගෙන,-1
හංගලා,-1
හටගන්නෑ,-1
හඬවා,-1
හතරබීරි,-1
හතුරුකම්,-1
හතුරෙක්,-1
හතුරෙක්ගේ,-1
හතුරෝ,-1
හදන්න,1
හදපිරි,1
හදවතින්ම,1
හදා,1
හදාගනීවි,1
හදාගන්න,1
හදිසි,-1
හදිසියකදී,-1
හදිසියේ,-1
හදිස්සියට,-1
හදුනා,1
හදුනාගෙන,1
හදුන්වා,1
හනික,1
හඳුනා,1
හඳුන්වලා,1
හපනෙක්,1
හපන්කම,1
හමුදාකරණය,-1
හමුවේවා,1
හමුවේවි,1
හම්බකරපු,1
හම්බකරලා,1
හම්බු,1
හරක්,-1
හරබර,1
හරය,1
හරවත්,1
හරස්,-1
හරි,1
හරිමගට,1
හරියට,1
හරියටම,1
හරියාවි,1
හරිහැටි,1
හරී,1
හර්දයාංගම,1
හවුල්,1
හසල,1
හානිදායක,-1
හානියේ,-1
හාමුදුරුවන්ට,1
හැක,1
හැකි,1
හැකිද,1
හැකිනම්,1
හැකිය,1
හැකියාවන්ගෙන්,1
හැකියි,1
හැකිවනසේ,1
හැකිවීම,1
හැකිවේවා,1
හැකිවේවි,1
හැදුණු,1
හැදුවනම්,1
හැදුවහම,1
හැදුවොත්,1
හැදෙනවානම්,1
හැබෑට,1
හැබෑටම,1
හැමකෙනාම,1
හැමට,1
හැමෝගෙම,1
හැලුනු,-1
හැසිරෙන්න,1
හෑල්ලු,-1
හිගකම,-1
හිගන්නෝ,-1
හිගාකන,-1
හිගාකන්නේ,-1
හිඟන,-1
හිඟාකන්න,-1
හිටියානම්,1
හිටීවි,1
හිට්ලර්,-1
හිතකර,1
හිතකාමියෝ,1
හිතකාමී,1
හිතවතුන්ගේ,1
හිතවත්,1
හිතවත්කම්,1
හිතවාදී,1
හිතහොද,1
හිතාමතා,-1
හිතැති,1
හිතුමතේට,-1
හිතුවක්කාර,-1
හිතුවක්කාරීව,-1
හිතුවොත්,1
හිතෛෂී,1
හිනාගියා,1
හිනායන,1
හිනාවෙනවා,1
හිනැස්සු,1
හිනැස්සුවට,1
හින්ගන්නන්ගෙන්,-1
හිමි,1
හිමිනමක්,1
හිමියනි,1
හිමියන්,1
හිමියන්ට,1
හිමියි,1
හිමිවන,1
හිමිවෙන්න,1
හිර,-1
හිරකරුවන්,-1
හිරකරුවෝ,-1
හිරගෙවල්,-1
හිරිකිත,-1
හිරිකිතයක්,-1
හිරිකිතේ,-1
හිරිහැර,-1
හිරිහැරයි,-1
හිසනමා,1
හිංසාකාරී,-1
හිස්,-1
හීනමානය,-1
හුග,1
හුඟ,1
හුටපටයක්,-1
හුදකලා,-1
හුදෙකලා,-1
හුදෙක්ම,-1
හුරාගෙන,-1
හුරු,1
හුල්ලනවා,-1
හූල්ලනවා,-1
හූව,-1
හෘදයාංගම,1
හෘදයාන්ගම,1
හෙණ,-1
හෙන,-1
හෙඳ,1
හෙම්බත්,-1
හෙරොයින්,-1
හෙලන,-1
හෙළදිව,1
හෙළන්න,-1
හෙළයන්ගේ,1
හෙළාදැකිය,-1
හෙළිකර,1
හෙළුව,-1
හොද,1
‍හොද,1
හොදක්,-1
හොදක්ම,1
හොදට,1
හොදනම්,1
හොදනැහැ,-1
හොදම,1
‍හොදයි,1
හොදයි,1
හොදයිද,1
හොදයිනේ,1
හොදවෙලත්,1
හොදින්,1
හොදේ,1
හොඳ,1
හොඳ,1
හොඳකුත්,1
හොඳටම,1
හොඳම,1
හොඳය,1
‍හොඳයි,1
හොඳයි,1
හො﻿ඳයි,1
හොඳයි,1
හොඳයිනේ,1
හොඳාකාරවම,1
හොඳින්,1
හොඳේ,1
හො‍ඳේ,1
හොර,-1
හොරකන්,-1
හොරකමට,-1
හොරකමම,-1
හොරකමයි,-1
හොරකම්,-1
හොරමැරකම්,-1
හොරයි,-1
හොරවැඩ,-1
හොරා,-1
හොරාකති,-1
හොරාකන,-1
හොරාත්,-1
හොරු,-1
හොරුත්,-1
හොරුන්ගෙත්,-1
හොරුන්ව,-1
හොරෙන්ම,-1
හොල්මන්,-1
හෝදන්නේ,1
ළං,1
ළඟක,1
ළඟපාත,1
ළඟම,1